-- phpMyAdmin SQL Dump
-- version 4.5.2
-- http://www.phpmyadmin.net
--
-- Host: localhost
-- Generation Time: May 14, 2018 at 03:22 PM
-- Server version: 10.1.13-MariaDB
-- PHP Version: 5.6.20

SET SQL_MODE = "NO_AUTO_VALUE_ON_ZERO";
SET time_zone = "+00:00";


/*!40101 SET @OLD_CHARACTER_SET_CLIENT=@@CHARACTER_SET_CLIENT */;
/*!40101 SET @OLD_CHARACTER_SET_RESULTS=@@CHARACTER_SET_RESULTS */;
/*!40101 SET @OLD_COLLATION_CONNECTION=@@COLLATION_CONNECTION */;
/*!40101 SET NAMES utf8mb4 */;

--
-- Database: `florist_india`
--

-- --------------------------------------------------------

--
-- Table structure for table `bf_activities`
--

CREATE TABLE `bf_activities` (
  `activity_id` bigint(20) NOT NULL,
  `user_id` bigint(20) UNSIGNED NOT NULL DEFAULT '0',
  `activity` varchar(255) NOT NULL,
  `module` varchar(255) NOT NULL,
  `created_on` datetime NOT NULL,
  `deleted` tinyint(12) NOT NULL DEFAULT '0'
) ENGINE=InnoDB DEFAULT CHARSET=utf8;

--
-- Dumping data for table `bf_activities`
--

INSERT INTO `bf_activities` (`activity_id`, `user_id`, `activity`, `module`, `created_on`, `deleted`) VALUES
(1, 1, 'logged in from: ::1', 'users', '2018-05-06 08:47:31', 0),
(2, 1, 'Created Module: Manage Pages : ::1', 'modulebuilder', '2018-05-06 09:51:45', 0),
(3, 1, 'Created record with ID: 1 : ::1', 'manage_pages', '2018-05-06 09:53:47', 0),
(4, 1, 'created a new Administrator: Bharat', 'users', '2018-05-06 10:00:17', 0),
(5, 2, 'logged in from: ::1', 'users', '2018-05-06 10:01:04', 0),
(6, 2, 'modified user: Bharat', 'users', '2018-05-06 10:01:47', 0),
(7, 1, 'logged in from: ::1', 'users', '2018-05-06 10:02:39', 0),
(8, 1, 'Deleted Module: Manage_Pages : ::1', 'builder', '2018-05-06 10:04:08', 0),
(9, 1, 'Created Module: Manage Page : ::1', 'modulebuilder', '2018-05-06 10:17:29', 0),
(10, 2, 'logged in from: ::1', 'users', '2018-05-06 10:19:06', 0),
(11, 1, 'logged in from: ::1', 'users', '2018-05-06 10:25:57', 0),
(12, 1, 'Created record with ID: 1 : ::1', 'manage_page', '2018-05-06 10:29:39', 0),
(13, 1, 'logged in from: ::1', 'users', '2018-05-07 20:22:38', 0),
(14, 1, 'Created Module: Manage Country : ::1', 'modulebuilder', '2018-05-07 20:39:36', 0),
(15, 1, 'Created Module: Manage City : ::1', 'modulebuilder', '2018-05-07 20:45:44', 0),
(16, 1, 'Deleted Module: Manage_City : ::1', 'builder', '2018-05-07 20:50:35', 0),
(17, 1, 'Created Module: Manage City : ::1', 'modulebuilder', '2018-05-07 20:56:52', 0),
(18, 1, 'Created Module: Manage Attribute : ::1', 'modulebuilder', '2018-05-07 21:12:31', 0),
(19, 1, 'Deleted Module: Manage_Attribute : ::1', 'builder', '2018-05-07 21:13:36', 0),
(20, 1, 'Created Module: Manage Attribute : ::1', 'modulebuilder', '2018-05-07 21:15:30', 0),
(21, 1, 'Deleted Module: Manage_Attribute : ::1', 'builder', '2018-05-07 21:19:42', 0),
(22, 1, 'Created Module: Manage Attributes : ::1', 'modulebuilder', '2018-05-07 21:22:55', 0),
(23, 1, 'Created Module: Manage Attribute Value : ::1', 'modulebuilder', '2018-05-07 21:31:09', 0),
(24, 1, 'Created Module: Additional Products : ::1', 'modulebuilder', '2018-05-07 21:42:17', 0),
(25, 1, 'Created Module: Manage Banner : ::1', 'modulebuilder', '2018-05-07 21:56:05', 0),
(26, 2, 'logged in from: ::1', 'users', '2018-05-07 21:57:01', 0),
(27, 1, 'logged in from: ::1', 'users', '2018-05-07 21:57:59', 0),
(28, 1, 'logged in from: ::1', 'users', '2018-05-13 08:20:34', 0),
(29, 1, 'logged in from: ::1', 'users', '2018-05-13 18:14:10', 0),
(30, 1, 'Updated record with ID: 1 : ::1', 'manage_page', '2018-05-13 18:22:03', 0),
(31, 1, 'Updated record with ID: 1 : ::1', 'manage_page', '2018-05-13 18:23:38', 0),
(32, 1, 'Created record with ID: 1 : ::1', 'manage_country', '2018-05-13 18:27:22', 0),
(33, 1, 'Created record with ID: 1 : ::1', 'manage_city', '2018-05-13 18:30:50', 0),
(34, 1, 'Created record with ID: 2 : ::1', 'manage_country', '2018-05-13 18:57:01', 0),
(35, 1, 'Created record with ID: 2 : ::1', 'manage_city', '2018-05-13 19:02:49', 0),
(36, 1, 'Created record with ID: 3 : ::1', 'manage_city', '2018-05-13 19:04:47', 0),
(37, 1, 'Updated record with ID: 1 : ::1', 'manage_city', '2018-05-13 19:11:01', 0),
(38, 1, 'Updated record with ID: 1 : ::1', 'manage_city', '2018-05-13 19:11:11', 0),
(39, 1, 'Updated record with ID: 3 : ::1', 'manage_city', '2018-05-13 19:11:45', 0),
(40, 1, 'Updated record with ID: 3 : ::1', 'manage_city', '2018-05-13 19:19:09', 0),
(41, 1, 'Created record with ID: 1 : ::1', 'manage_banner', '2018-05-13 19:55:09', 0),
(42, 1, 'Updated record with ID: 1 : ::1', 'manage_banner', '2018-05-13 19:57:32', 0),
(43, 1, 'Updated record with ID: 1 : ::1', 'manage_banner', '2018-05-13 19:58:03', 0),
(44, 1, 'Created record with ID: 1 : ::1', 'manage_attributes', '2018-05-13 20:05:22', 0),
(45, 1, 'Created record with ID: 2 : ::1', 'manage_attributes', '2018-05-13 20:06:39', 0),
(46, 1, 'Created record with ID: 1 : ::1', 'manage_attribute_value', '2018-05-13 20:12:12', 0),
(47, 1, 'Updated record with ID: 1 : ::1', 'manage_attribute_value', '2018-05-13 20:12:27', 0),
(48, 1, 'Updated record with ID: 1 : ::1', 'manage_attribute_value', '2018-05-13 20:13:32', 0),
(49, 1, 'Created record with ID: 1 : ::1', 'additional_products', '2018-05-13 20:22:51', 0),
(50, 1, 'logged in from: ::1', 'users', '2018-05-14 09:49:00', 0),
(51, 1, 'Updated record with ID: 1 : ::1', 'manage_attribute_value', '2018-05-14 10:06:26', 0),
(52, 1, 'Updated record with ID: 1 : ::1', 'manage_attribute_value', '2018-05-14 10:12:58', 0),
(53, 1, 'Created record with ID: 2 : ::1', 'manage_attribute_value', '2018-05-14 10:20:10', 0),
(54, 1, 'Updated record with ID: 1 : ::1', 'manage_attribute_value', '2018-05-14 10:22:15', 0),
(55, 1, 'Created record with ID: 3 : ::1', 'manage_attribute_value', '2018-05-14 10:22:59', 0),
(56, 1, 'Updated record with ID: 2 : ::1', 'manage_attribute_value', '2018-05-14 10:23:28', 0),
(57, 1, 'Updated record with ID: 2 : ::1', 'manage_attribute_value', '2018-05-14 10:23:34', 0),
(58, 1, 'Updated record with ID: 1 : ::1', 'additional_products', '2018-05-14 10:24:31', 0),
(59, 1, 'Updated record with ID: 1 : ::1', 'additional_products', '2018-05-14 10:24:38', 0),
(60, 1, 'Created Module: Manage Coupon : ::1', 'modulebuilder', '2018-05-14 11:30:59', 0),
(61, 1, 'Created record with ID: 1 : ::1', 'manage_coupon', '2018-05-14 11:41:05', 0),
(62, 1, 'Updated record with ID: 1 : ::1', 'manage_coupon', '2018-05-14 11:41:24', 0),
(63, 1, 'Created Module: Manage Category : ::1', 'modulebuilder', '2018-05-14 11:56:34', 0),
(64, 1, 'Created record with ID: 2 : ::1', 'manage_coupon', '2018-05-14 13:15:22', 0),
(65, 1, 'Created record with ID: 3 : ::1', 'manage_coupon', '2018-05-14 13:22:49', 0),
(66, 1, 'Created record with ID: 1 : ::1', 'manage_category', '2018-05-14 13:23:55', 0),
(67, 1, 'Deleted record with ID: 1 : ::1', 'manage_category', '2018-05-14 13:25:23', 0),
(68, 1, 'Created Module: Manage Products : ::1', 'modulebuilder', '2018-05-14 14:06:47', 0),
(69, 1, 'Created Module: Manage Products : ::1', 'modulebuilder', '2018-05-14 14:20:56', 0),
(70, 1, 'Created record with ID: 1 : ::1', 'manage_products', '2018-05-14 14:45:18', 0),
(71, 1, 'Updated record with ID: 1 : ::1', 'manage_products', '2018-05-14 14:45:32', 0),
(72, 1, 'Updated record with ID: 1 : ::1', 'manage_products', '2018-05-14 14:46:00', 0),
(73, 1, 'Created record with ID: 1 : ::1', 'manage_products', '2018-05-14 14:49:56', 0),
(74, 1, 'Updated record with ID: 1 : ::1', 'manage_products', '2018-05-14 14:50:16', 0),
(75, 1, 'Updated record with ID: 1 : ::1', 'manage_products', '2018-05-14 14:52:52', 0);

-- --------------------------------------------------------

--
-- Table structure for table `bf_additional_products`
--

CREATE TABLE `bf_additional_products` (
  `id` int(11) NOT NULL,
  `name` varchar(100) NOT NULL,
  `image` varchar(255) DEFAULT NULL,
  `description` text,
  `price` float DEFAULT NULL,
  `alt_tag` varchar(50) DEFAULT NULL,
  `meta_tag` varchar(50) DEFAULT NULL,
  `meta_title` varchar(100) DEFAULT NULL,
  `meta_desc` text,
  `status` char(10) DEFAULT NULL,
  `deleted` tinyint(1) NOT NULL DEFAULT '0',
  `created_on` datetime NOT NULL DEFAULT '0000-00-00 00:00:00',
  `modified_on` datetime NOT NULL DEFAULT '0000-00-00 00:00:00'
) ENGINE=InnoDB DEFAULT CHARSET=utf8;

--
-- Dumping data for table `bf_additional_products`
--

INSERT INTO `bf_additional_products` (`id`, `name`, `image`, `description`, `price`, `alt_tag`, `meta_tag`, `meta_title`, `meta_desc`, `status`, `deleted`, `created_on`, `modified_on`) VALUES
(1, 'sample product', 'sample product', 'sample product', 40, 'sample product', 'sample product', 'sample product', 'sample product', 'active', 0, '2018-05-13 20:22:51', '2018-05-14 10:24:38');

-- --------------------------------------------------------

--
-- Table structure for table `bf_ci3_sessions`
--

CREATE TABLE `bf_ci3_sessions` (
  `id` varchar(40) NOT NULL,
  `ip_address` varchar(45) NOT NULL,
  `timestamp` int(10) UNSIGNED NOT NULL DEFAULT '0',
  `data` blob NOT NULL
) ENGINE=InnoDB DEFAULT CHARSET=utf8;

--
-- Dumping data for table `bf_ci3_sessions`
--

INSERT INTO `bf_ci3_sessions` (`id`, `ip_address`, `timestamp`, `data`) VALUES
('00498a0f6364f54e43b5f98a36b7f48047856a01', '::1', 1526291801, 0x5f5f63695f6c6173745f726567656e65726174657c693a313532363239313739333b7265717565737465645f706167657c733a36383a22687474703a2f2f6c6f63616c686f73743a38312f666c6f726973742f696e6465782e7068702f61646d696e2f70726f64756374732f6d616e6167655f63617465676f7279223b70726576696f75735f706167657c733a36383a22687474703a2f2f6c6f63616c686f73743a38312f666c6f726973742f696e6465782e7068702f61646d696e2f70726f64756374732f6d616e6167655f63617465676f7279223b757365725f69647c733a313a2231223b617574685f637573746f6d7c733a353a2261646d696e223b757365725f746f6b656e7c733a34303a2239386465336535313134353763373563643336356333343839346230333964396232366164613332223b6964656e746974797c733a32393a22737761696e2e6368616e64616e326b756d617240676d61696c2e636f6d223b726f6c655f69647c733a313a2231223b6c6f676765645f696e7c623a313b6c616e67756167657c733a373a22656e676c697368223b),
('01c7fccb6905bf142bc1f3297ce1a875827b1538', '::1', 1525595052, 0x5f5f63695f6c6173745f726567656e65726174657c693a313532353539353035323b7265717565737465645f706167657c733a33343a22687474703a2f2f6c6f63616c686f73742f666c6f726973742f696e6465782e706870223b70726576696f75735f706167657c733a33343a22687474703a2f2f6c6f63616c686f73742f666c6f726973742f696e6465782e706870223b),
('03aa9f24c202a42f70c4be873c9544ab149624d1', '::1', 1526192664, 0x5f5f63695f6c6173745f726567656e65726174657c693a313532363139323339323b7265717565737465645f706167657c733a36323a22687474703a2f2f6c6f63616c686f73742f666c6f726973742f696e6465782e7068702f61646d696e2f636f6e74656e742f6d616e6167655f62616e6e6572223b70726576696f75735f706167657c733a36323a22687474703a2f2f6c6f63616c686f73742f666c6f726973742f696e6465782e7068702f61646d696e2f636f6e74656e742f6d616e6167655f62616e6e6572223b757365725f69647c733a313a2231223b617574685f637573746f6d7c733a353a2261646d696e223b757365725f746f6b656e7c733a34303a2239386465336535313134353763373563643336356333343839346230333964396232366164613332223b6964656e746974797c733a32393a22737761696e2e6368616e64616e326b756d617240676d61696c2e636f6d223b726f6c655f69647c733a313a2231223b6c6f676765645f696e7c623a313b6c616e67756167657c733a373a22656e676c697368223b),
('085c9cafaabb25461a27aabf5efcebf1754498fa', '::1', 1525719135, 0x5f5f63695f6c6173745f726567656e65726174657c693a313532353731393035343b7265717565737465645f706167657c733a37343a22687474703a2f2f6c6f63616c686f73742f666c6f726973742f696e6465782e7068702f61646d696e2f646576656c6f7065722f6275696c6465722f6372656174655f6d6f64756c652f36223b70726576696f75735f706167657c733a37343a22687474703a2f2f6c6f63616c686f73742f666c6f726973742f696e6465782e7068702f61646d696e2f646576656c6f7065722f6275696c6465722f6372656174655f6d6f64756c652f36223b757365725f69647c733a313a2231223b617574685f637573746f6d7c733a353a2261646d696e223b757365725f746f6b656e7c733a34303a2239386465336535313134353763373563643336356333343839346230333964396232366164613332223b6964656e746974797c733a32393a22737761696e2e6368616e64616e326b756d617240676d61696c2e636f6d223b726f6c655f69647c733a313a2231223b6c6f676765645f696e7c623a313b6c616e67756167657c733a373a22656e676c697368223b),
('0aeb836b534c4617ff1ed34f2598c81136c49dfe', '::1', 1526300666, 0x5f5f63695f6c6173745f726567656e65726174657c693a313532363330303431303b7265717565737465645f706167657c733a37353a22687474703a2f2f6c6f63616c686f73743a38312f666c6f726973742f696e6465782e7068702f61646d696e2f70726f64756374732f6d616e6167655f70726f64756374732f637265617465223b70726576696f75735f706167657c733a37353a22687474703a2f2f6c6f63616c686f73743a38312f666c6f726973742f696e6465782e7068702f61646d696e2f70726f64756374732f6d616e6167655f70726f64756374732f637265617465223b757365725f69647c733a313a2231223b617574685f637573746f6d7c733a353a2261646d696e223b757365725f746f6b656e7c733a34303a2239386465336535313134353763373563643336356333343839346230333964396232366164613332223b6964656e746974797c733a32393a22737761696e2e6368616e64616e326b756d617240676d61696c2e636f6d223b726f6c655f69647c733a313a2231223b6c6f676765645f696e7c623a313b6c616e67756167657c733a373a22656e676c697368223b),
('0b3cc30b1de15dae06d46c052c91457396340651', '::1', 1526231087, 0x5f5f63695f6c6173745f726567656e65726174657c693a313532363233303838333b7265717565737465645f706167657c733a36303a22687474703a2f2f6c6f63616c686f73742f666c6f726973742f696e6465782e7068702f61646d696e2f636f6e74656e742f6d616e6167655f63697479223b70726576696f75735f706167657c733a36303a22687474703a2f2f6c6f63616c686f73742f666c6f726973742f696e6465782e7068702f61646d696e2f636f6e74656e742f6d616e6167655f63697479223b757365725f69647c733a313a2231223b617574685f637573746f6d7c733a353a2261646d696e223b757365725f746f6b656e7c733a34303a2239386465336535313134353763373563643336356333343839346230333964396232366164613332223b6964656e746974797c733a32393a22737761696e2e6368616e64616e326b756d617240676d61696c2e636f6d223b726f6c655f69647c733a313a2231223b6c6f676765645f696e7c623a313b6c616e67756167657c733a373a22656e676c697368223b6d6573736167657c733a303a22223b5f5f63695f766172737c613a313a7b733a373a226d657373616765223b733a333a226e6577223b7d),
('0d37883696fced131c058d10d7352df56fd907ac', '::1', 1525722158, 0x5f5f63695f6c6173745f726567656e65726174657c693a313532353732313836373b7265717565737465645f706167657c733a36393a22687474703a2f2f6c6f63616c686f73742f666c6f726973742f696e6465782e7068702f61646d696e2f70726f64756374732f6164646974696f6e616c5f70726f6475637473223b70726576696f75735f706167657c733a36393a22687474703a2f2f6c6f63616c686f73742f666c6f726973742f696e6465782e7068702f61646d696e2f70726f64756374732f6164646974696f6e616c5f70726f6475637473223b757365725f69647c733a313a2231223b617574685f637573746f6d7c733a353a2261646d696e223b757365725f746f6b656e7c733a34303a2239386465336535313134353763373563643336356333343839346230333964396232366164613332223b6964656e746974797c733a32393a22737761696e2e6368616e64616e326b756d617240676d61696c2e636f6d223b726f6c655f69647c733a313a2231223b6c6f676765645f696e7c623a313b6c616e67756167657c733a373a22656e676c697368223b),
('0db5f4a056689f2bf6199e047c557e888761f050', '::1', 1526288679, 0x5f5f63695f6c6173745f726567656e65726174657c693a313532363238383339383b7265717565737465645f706167657c733a37353a22687474703a2f2f6c6f63616c686f73743a38312f666c6f726973742f696e6465782e7068702f61646d696e2f70726f64756374732f6d616e6167655f6174747269627574655f76616c7565223b70726576696f75735f706167657c733a37353a22687474703a2f2f6c6f63616c686f73743a38312f666c6f726973742f696e6465782e7068702f61646d696e2f70726f64756374732f6d616e6167655f6174747269627574655f76616c7565223b757365725f69647c733a313a2231223b617574685f637573746f6d7c733a353a2261646d696e223b757365725f746f6b656e7c733a34303a2239386465336535313134353763373563643336356333343839346230333964396232366164613332223b6964656e746974797c733a32393a22737761696e2e6368616e64616e326b756d617240676d61696c2e636f6d223b726f6c655f69647c733a313a2231223b6c6f676765645f696e7c623a313b6c616e67756167657c733a373a22656e676c697368223b6d6573736167657c733a303a22223b5f5f63695f766172737c613a313a7b733a373a226d657373616765223b733a333a226e6577223b7d),
('11fb3bbe139cee61b44253c1999ae6341d144741', '::1', 1526287009, 0x5f5f63695f6c6173745f726567656e65726174657c693a313532363238363935313b7265717565737465645f706167657c733a38323a22687474703a2f2f6c6f63616c686f73743a38312f666c6f726973742f696e6465782e7068702f61646d696e2f70726f64756374732f6d616e6167655f6174747269627574655f76616c75652f637265617465223b70726576696f75735f706167657c733a38323a22687474703a2f2f6c6f63616c686f73743a38312f666c6f726973742f696e6465782e7068702f61646d696e2f70726f64756374732f6d616e6167655f6174747269627574655f76616c75652f637265617465223b757365725f69647c733a313a2231223b617574685f637573746f6d7c733a353a2261646d696e223b757365725f746f6b656e7c733a34303a2239386465336535313134353763373563643336356333343839346230333964396232366164613332223b6964656e746974797c733a32393a22737761696e2e6368616e64616e326b756d617240676d61696c2e636f6d223b726f6c655f69647c733a313a2231223b6c6f676765645f696e7c623a313b6c616e67756167657c733a373a22656e676c697368223b),
('12068861970e4e2bd388f840b29cc3a8fa661ad0', '::1', 1526297653, 0x5f5f63695f6c6173745f726567656e65726174657c693a313532363239373533333b7265717565737465645f706167657c733a37353a22687474703a2f2f6c6f63616c686f73743a38312f666c6f726973742f696e6465782e7068702f61646d696e2f646576656c6f7065722f6275696c6465722f6372656174655f6d6f64756c65223b70726576696f75735f706167657c733a37353a22687474703a2f2f6c6f63616c686f73743a38312f666c6f726973742f696e6465782e7068702f61646d696e2f646576656c6f7065722f6275696c6465722f6372656174655f6d6f64756c65223b757365725f69647c733a313a2231223b617574685f637573746f6d7c733a353a2261646d696e223b757365725f746f6b656e7c733a34303a2239386465336535313134353763373563643336356333343839346230333964396232366164613332223b6964656e746974797c733a32393a22737761696e2e6368616e64616e326b756d617240676d61696c2e636f6d223b726f6c655f69647c733a313a2231223b6c6f676765645f696e7c623a313b6c616e67756167657c733a373a22656e676c697368223b),
('2903ac68cebc75dd72fc17fa38f2721f655b1a37', '::1', 1526231720, 0x5f5f63695f6c6173745f726567656e65726174657c693a313532363233313434303b7265717565737465645f706167657c733a36303a22687474703a2f2f6c6f63616c686f73742f666c6f726973742f696e6465782e7068702f61646d696e2f636f6e74656e742f6d616e6167655f63697479223b70726576696f75735f706167657c733a36303a22687474703a2f2f6c6f63616c686f73742f666c6f726973742f696e6465782e7068702f61646d696e2f636f6e74656e742f6d616e6167655f63697479223b757365725f69647c733a313a2231223b617574685f637573746f6d7c733a353a2261646d696e223b757365725f746f6b656e7c733a34303a2239386465336535313134353763373563643336356333343839346230333964396232366164613332223b6964656e746974797c733a32393a22737761696e2e6368616e64616e326b756d617240676d61696c2e636f6d223b726f6c655f69647c733a313a2231223b6c6f676765645f696e7c623a313b6c616e67756167657c733a373a22656e676c697368223b),
('291ddee3e1e4d6ffb75bb319e2876cb49469e6b0', '::1', 1526285189, 0x5f5f63695f6c6173745f726567656e65726174657c693a313532363238353038333b7265717565737465645f706167657c733a38323a22687474703a2f2f6c6f63616c686f73743a38312f666c6f726973742f696e6465782e7068702f61646d696e2f70726f64756374732f6d616e6167655f6174747269627574655f76616c75652f656469742f31223b70726576696f75735f706167657c733a38323a22687474703a2f2f6c6f63616c686f73743a38312f666c6f726973742f696e6465782e7068702f61646d696e2f70726f64756374732f6d616e6167655f6174747269627574655f76616c75652f656469742f31223b757365725f69647c733a313a2231223b617574685f637573746f6d7c733a353a2261646d696e223b757365725f746f6b656e7c733a34303a2239386465336535313134353763373563643336356333343839346230333964396232366164613332223b6964656e746974797c733a32393a22737761696e2e6368616e64616e326b756d617240676d61696c2e636f6d223b726f6c655f69647c733a313a2231223b6c6f676765645f696e7c623a313b6c616e67756167657c733a373a22656e676c697368223b6d6573736167657c733a303a22223b5f5f63695f766172737c613a313a7b733a373a226d657373616765223b733a333a226f6c64223b7d),
('2e0a0ac912489cc407f23611149ad381117dcbcd', '::1', 1526228660, 0x5f5f63695f6c6173745f726567656e65726174657c693a313532363232383339323b7265717565737465645f706167657c733a37303a22687474703a2f2f6c6f63616c686f73742f666c6f726973742f696e6465782e7068702f61646d696e2f636f6e74656e742f6d616e6167655f636f756e7472792f637265617465223b70726576696f75735f706167657c733a37303a22687474703a2f2f6c6f63616c686f73742f666c6f726973742f696e6465782e7068702f61646d696e2f636f6e74656e742f6d616e6167655f636f756e7472792f637265617465223b757365725f69647c733a313a2231223b617574685f637573746f6d7c733a353a2261646d696e223b757365725f746f6b656e7c733a34303a2239386465336535313134353763373563643336356333343839346230333964396232366164613332223b6964656e746974797c733a32393a22737761696e2e6368616e64616e326b756d617240676d61696c2e636f6d223b726f6c655f69647c733a313a2231223b6c6f676765645f696e7c623a313b6c616e67756167657c733a373a22656e676c697368223b),
('3b2ea1ad86ec50000fe05fe4e06345c1864afdf4', '::1', 1526234499, 0x5f5f63695f6c6173745f726567656e65726174657c693a313532363233343233363b7265717565737465645f706167657c733a37343a22687474703a2f2f6c6f63616c686f73742f666c6f726973742f696e6465782e7068702f61646d696e2f70726f64756374732f6d616e6167655f617474726962757465732f637265617465223b70726576696f75735f706167657c733a37343a22687474703a2f2f6c6f63616c686f73742f666c6f726973742f696e6465782e7068702f61646d696e2f70726f64756374732f6d616e6167655f617474726962757465732f637265617465223b757365725f69647c733a313a2231223b617574685f637573746f6d7c733a353a2261646d696e223b757365725f746f6b656e7c733a34303a2239386465336535313134353763373563643336356333343839346230333964396232366164613332223b6964656e746974797c733a32393a22737761696e2e6368616e64616e326b756d617240676d61696c2e636f6d223b726f6c655f69647c733a313a2231223b6c6f676765645f696e7c623a313b6c616e67756167657c733a373a22656e676c697368223b),
('3e5d7a1d30a4b69390bf4f0cfade40c730dbd1d7', '::1', 1525718426, 0x5f5f63695f6c6173745f726567656e65726174657c693a313532353731383132373b7265717565737465645f706167657c733a37303a22687474703a2f2f6c6f63616c686f73742f666c6f726973742f696e6465782e7068702f61646d696e2f636f6e74656e742f6d616e6167655f636f756e7472792f637265617465223b70726576696f75735f706167657c733a37303a22687474703a2f2f6c6f63616c686f73742f666c6f726973742f696e6465782e7068702f61646d696e2f636f6e74656e742f6d616e6167655f636f756e7472792f637265617465223b757365725f69647c733a313a2231223b617574685f637573746f6d7c733a353a2261646d696e223b757365725f746f6b656e7c733a34303a2239386465336535313134353763373563643336356333343839346230333964396232366164613332223b6964656e746974797c733a32393a22737761696e2e6368616e64616e326b756d617240676d61696c2e636f6d223b726f6c655f69647c733a313a2231223b6c6f676765645f696e7c623a313b6c616e67756167657c733a373a22656e676c697368223b),
('3f34c1b8c419e2ac35c5964d4a86514089e7e558', '::1', 1526230411, 0x5f5f63695f6c6173745f726567656e65726174657c693a313532363233303231353b7265717565737465645f706167657c733a36373a22687474703a2f2f6c6f63616c686f73742f666c6f726973742f696e6465782e7068702f61646d696e2f636f6e74656e742f6d616e6167655f636974792f656469742f31223b70726576696f75735f706167657c733a36373a22687474703a2f2f6c6f63616c686f73742f666c6f726973742f696e6465782e7068702f61646d696e2f636f6e74656e742f6d616e6167655f636974792f656469742f31223b757365725f69647c733a313a2231223b617574685f637573746f6d7c733a353a2261646d696e223b757365725f746f6b656e7c733a34303a2239386465336535313134353763373563643336356333343839346230333964396232366164613332223b6964656e746974797c733a32393a22737761696e2e6368616e64616e326b756d617240676d61696c2e636f6d223b726f6c655f69647c733a313a2231223b6c6f676765645f696e7c623a313b6c616e67756167657c733a373a22656e676c697368223b),
('3f81085627b5cd6a2b0110d8e4973fd7948a3d87', '::1', 1526230847, 0x5f5f63695f6c6173745f726567656e65726174657c693a313532363233303535363b7265717565737465645f706167657c733a36373a22687474703a2f2f6c6f63616c686f73742f666c6f726973742f696e6465782e7068702f61646d696e2f636f6e74656e742f6d616e6167655f636974792f637265617465223b70726576696f75735f706167657c733a36373a22687474703a2f2f6c6f63616c686f73742f666c6f726973742f696e6465782e7068702f61646d696e2f636f6e74656e742f6d616e6167655f636974792f637265617465223b757365725f69647c733a313a2231223b617574685f637573746f6d7c733a353a2261646d696e223b757365725f746f6b656e7c733a34303a2239386465336535313134353763373563643336356333343839346230333964396232366164613332223b6964656e746974797c733a32393a22737761696e2e6368616e64616e326b756d617240676d61696c2e636f6d223b726f6c655f69647c733a313a2231223b6c6f676765645f696e7c623a313b6c616e67756167657c733a373a22656e676c697368223b),
('40bbe1bf806ec7bf2c5f17db359c7e28dcd5f184', '::1', 1525720160, 0x5f5f63695f6c6173745f726567656e65726174657c693a313532353731393838393b7265717565737465645f706167657c733a37343a22687474703a2f2f6c6f63616c686f73742f666c6f726973742f696e6465782e7068702f61646d696e2f646576656c6f7065722f6275696c6465722f6372656174655f6d6f64756c652f36223b70726576696f75735f706167657c733a37343a22687474703a2f2f6c6f63616c686f73742f666c6f726973742f696e6465782e7068702f61646d696e2f646576656c6f7065722f6275696c6465722f6372656174655f6d6f64756c652f36223b757365725f69647c733a313a2231223b617574685f637573746f6d7c733a353a2261646d696e223b757365725f746f6b656e7c733a34303a2239386465336535313134353763373563643336356333343839346230333964396232366164613332223b6964656e746974797c733a32393a22737761696e2e6368616e64616e326b756d617240676d61696c2e636f6d223b726f6c655f69647c733a313a2231223b6c6f676765645f696e7c623a313b6c616e67756167657c733a373a22656e676c697368223b),
('44b5836e175bd5ba040fb75f469ea22748a31113', '::1', 1526296533, 0x5f5f63695f6c6173745f726567656e65726174657c693a313532363239363334343b7265717565737465645f706167657c733a37353a22687474703a2f2f6c6f63616c686f73743a38312f666c6f726973742f696e6465782e7068702f61646d696e2f70726f64756374732f6d616e6167655f63617465676f72792f637265617465223b70726576696f75735f706167657c733a37353a22687474703a2f2f6c6f63616c686f73743a38312f666c6f726973742f696e6465782e7068702f61646d696e2f70726f64756374732f6d616e6167655f63617465676f72792f637265617465223b757365725f69647c733a313a2231223b617574685f637573746f6d7c733a353a2261646d696e223b757365725f746f6b656e7c733a34303a2239386465336535313134353763373563643336356333343839346230333964396232366164613332223b6964656e746974797c733a32393a22737761696e2e6368616e64616e326b756d617240676d61696c2e636f6d223b726f6c655f69647c733a313a2231223b6c6f676765645f696e7c623a313b6c616e67756167657c733a373a22656e676c697368223b),
('4894d0fba814a4f995d9bd38e1205c3988440f54', '::1', 1526228058, 0x5f5f63695f6c6173745f726567656e65726174657c693a313532363232373935323b7265717565737465645f706167657c733a34383a22687474703a2f2f6c6f63616c686f73742f666c6f726973742f696e6465782e7068702f61646d696e2f636f6e74656e74223b70726576696f75735f706167657c733a34383a22687474703a2f2f6c6f63616c686f73742f666c6f726973742f696e6465782e7068702f61646d696e2f636f6e74656e74223b757365725f69647c733a313a2231223b617574685f637573746f6d7c733a353a2261646d696e223b757365725f746f6b656e7c733a34303a2239386465336535313134353763373563643336356333343839346230333964396232366164613332223b6964656e746974797c733a32393a22737761696e2e6368616e64616e326b756d617240676d61696c2e636f6d223b726f6c655f69647c733a313a2231223b6c6f676765645f696e7c623a313b6c616e67756167657c733a373a22656e676c697368223b),
('4bd12da33119453e3358be41f3641fa30574ec5e', '::1', 1526297123, 0x5f5f63695f6c6173745f726567656e65726174657c693a313532363239363837363b7265717565737465645f706167657c733a36383a22687474703a2f2f6c6f63616c686f73743a38312f666c6f726973742f696e6465782e7068702f61646d696e2f70726f64756374732f6d616e6167655f63617465676f7279223b70726576696f75735f706167657c733a36383a22687474703a2f2f6c6f63616c686f73743a38312f666c6f726973742f696e6465782e7068702f61646d696e2f70726f64756374732f6d616e6167655f63617465676f7279223b757365725f69647c733a313a2231223b617574685f637573746f6d7c733a353a2261646d696e223b757365725f746f6b656e7c733a34303a2239386465336535313134353763373563643336356333343839346230333964396232366164613332223b6964656e746974797c733a32393a22737761696e2e6368616e64616e326b756d617240676d61696c2e636f6d223b726f6c655f69647c733a313a2231223b6c6f676765645f696e7c623a313b6c616e67756167657c733a373a22656e676c697368223b6d6573736167657c733a303a22223b5f5f63695f766172737c613a313a7b733a373a226d657373616765223b733a333a226e6577223b7d),
('51fc33bde5f810b20d48c377a81a8259c0667856', '::1', 1526290464, 0x5f5f63695f6c6173745f726567656e65726174657c693a313532363239303235383b7265717565737465645f706167657c733a36353a22687474703a2f2f6c6f63616c686f73743a38312f666c6f726973742f696e6465782e7068702f61646d696e2f636f6e74656e742f6d616e6167655f636f75706f6e223b70726576696f75735f706167657c733a36353a22687474703a2f2f6c6f63616c686f73743a38312f666c6f726973742f696e6465782e7068702f61646d696e2f636f6e74656e742f6d616e6167655f636f75706f6e223b757365725f69647c733a313a2231223b617574685f637573746f6d7c733a353a2261646d696e223b757365725f746f6b656e7c733a34303a2239386465336535313134353763373563643336356333343839346230333964396232366164613332223b6964656e746974797c733a32393a22737761696e2e6368616e64616e326b756d617240676d61696c2e636f6d223b726f6c655f69647c733a313a2231223b6c6f676765645f696e7c623a313b6c616e67756167657c733a373a22656e676c697368223b),
('52e07f6c62e65245031fe6b9a8f6a352d48958ed', '::1', 1526299781, 0x5f5f63695f6c6173745f726567656e65726174657c693a313532363239393630363b7265717565737465645f706167657c733a36383a22687474703a2f2f6c6f63616c686f73743a38312f666c6f726973742f696e6465782e7068702f61646d696e2f70726f64756374732f6d616e6167655f70726f6475637473223b70726576696f75735f706167657c733a36383a22687474703a2f2f6c6f63616c686f73743a38312f666c6f726973742f696e6465782e7068702f61646d696e2f70726f64756374732f6d616e6167655f70726f6475637473223b757365725f69647c733a313a2231223b617574685f637573746f6d7c733a353a2261646d696e223b757365725f746f6b656e7c733a34303a2239386465336535313134353763373563643336356333343839346230333964396232366164613332223b6964656e746974797c733a32393a22737761696e2e6368616e64616e326b756d617240676d61696c2e636f6d223b726f6c655f69647c733a313a2231223b6c6f676765645f696e7c623a313b6c616e67756167657c733a373a22656e676c697368223b),
('5a121c059edcaa568af2e087ba796066d4865a72', '::1', 1526290900, 0x5f5f63695f6c6173745f726567656e65726174657c693a313532363239303632333b7265717565737465645f706167657c733a37353a22687474703a2f2f6c6f63616c686f73743a38312f666c6f726973742f696e6465782e7068702f61646d696e2f646576656c6f7065722f6275696c6465722f6372656174655f6d6f64756c65223b70726576696f75735f706167657c733a37353a22687474703a2f2f6c6f63616c686f73743a38312f666c6f726973742f696e6465782e7068702f61646d696e2f646576656c6f7065722f6275696c6465722f6372656174655f6d6f64756c65223b757365725f69647c733a313a2231223b617574685f637573746f6d7c733a353a2261646d696e223b757365725f746f6b656e7c733a34303a2239386465336535313134353763373563643336356333343839346230333964396232366164613332223b6964656e746974797c733a32393a22737761696e2e6368616e64616e326b756d617240676d61696c2e636f6d223b726f6c655f69647c733a313a2231223b6c6f676765645f696e7c623a313b6c616e67756167657c733a373a22656e676c697368223b),
('5f7e99e1f7b510515f5af8e23a12a394278cea39', '::1', 1525721140, 0x5f5f63695f6c6173745f726567656e65726174657c693a313532353732313134303b7265717565737465645f706167657c733a37343a22687474703a2f2f6c6f63616c686f73742f666c6f726973742f696e6465782e7068702f61646d696e2f646576656c6f7065722f6275696c6465722f6372656174655f6d6f64756c652f39223b70726576696f75735f706167657c733a37343a22687474703a2f2f6c6f63616c686f73742f666c6f726973742f696e6465782e7068702f61646d696e2f646576656c6f7065722f6275696c6465722f6372656174655f6d6f64756c652f39223b757365725f69647c733a313a2231223b617574685f637573746f6d7c733a353a2261646d696e223b757365725f746f6b656e7c733a34303a2239386465336535313134353763373563643336356333343839346230333964396232366164613332223b6964656e746974797c733a32393a22737761696e2e6368616e64616e326b756d617240676d61696c2e636f6d223b726f6c655f69647c733a313a2231223b6c6f676765645f696e7c623a313b6c616e67756167657c733a373a22656e676c697368223b),
('5ffd180962d682f6d801285e850a44955614a963', '::1', 1526204630, 0x5f5f63695f6c6173745f726567656e65726174657c693a313532363230343633303b7265717565737465645f706167657c733a33343a22687474703a2f2f6c6f63616c686f73742f666c6f726973742f696e6465782e706870223b70726576696f75735f706167657c733a33343a22687474703a2f2f6c6f63616c686f73742f666c6f726973742f696e6465782e706870223b),
('664804017fd3ae50bd9cf3744a2fca60e2c79f7b', '::1', 1525719035, 0x5f5f63695f6c6173745f726567656e65726174657c693a313532353731383734333b7265717565737465645f706167657c733a35383a22687474703a2f2f6c6f63616c686f73742f666c6f726973742f696e6465782e7068702f61646d696e2f646576656c6f7065722f6275696c646572223b70726576696f75735f706167657c733a35383a22687474703a2f2f6c6f63616c686f73742f666c6f726973742f696e6465782e7068702f61646d696e2f646576656c6f7065722f6275696c646572223b757365725f69647c733a313a2231223b617574685f637573746f6d7c733a353a2261646d696e223b757365725f746f6b656e7c733a34303a2239386465336535313134353763373563643336356333343839346230333964396232366164613332223b6964656e746974797c733a32393a22737761696e2e6368616e64616e326b756d617240676d61696c2e636f6d223b726f6c655f69647c733a313a2231223b6c6f676765645f696e7c623a313b6c616e67756167657c733a373a22656e676c697368223b6d6573736167657c733a303a22223b5f5f63695f766172737c613a313a7b733a373a226d657373616765223b733a333a226e6577223b7d),
('6997b3a073ae31764271381291fb25599ce4f107', '::1', 1526302382, 0x5f5f63695f6c6173745f726567656e65726174657c693a313532363330323139323b7265717565737465645f706167657c733a37323a22687474703a2f2f6c6f63616c686f73743a38312f666c6f726973742f696e6465782e7068702f61646d696e2f70726f64756374732f6164646974696f6e616c5f70726f6475637473223b70726576696f75735f706167657c733a37323a22687474703a2f2f6c6f63616c686f73743a38312f666c6f726973742f696e6465782e7068702f61646d696e2f70726f64756374732f6164646974696f6e616c5f70726f6475637473223b757365725f69647c733a313a2231223b617574685f637573746f6d7c733a353a2261646d696e223b757365725f746f6b656e7c733a34303a2239386465336535313134353763373563643336356333343839346230333964396232366164613332223b6964656e746974797c733a32393a22737761696e2e6368616e64616e326b756d617240676d61696c2e636f6d223b726f6c655f69647c733a313a2231223b6c6f676765645f696e7c623a313b6c616e67756167657c733a373a22656e676c697368223b6d6573736167657c733a303a22223b5f5f63695f766172737c613a313a7b733a373a226d657373616765223b733a333a226f6c64223b7d),
('6c67929fdf71206d465a4fd772013bd6c86b3da7', '::1', 1525591242, 0x5f5f63695f6c6173745f726567656e65726174657c693a313532353539313233323b7265717565737465645f706167657c733a37323a22687474703a2f2f6c6f63616c686f73742f666c6f726973742f696e6465782e7068702f61646d696e2f646576656c6f7065722f6275696c6465722f6372656174655f6d6f64756c65223b70726576696f75735f706167657c733a37323a22687474703a2f2f6c6f63616c686f73742f666c6f726973742f696e6465782e7068702f61646d696e2f646576656c6f7065722f6275696c6465722f6372656174655f6d6f64756c65223b757365725f69647c733a313a2231223b617574685f637573746f6d7c733a353a2261646d696e223b757365725f746f6b656e7c733a34303a2239386465336535313134353763373563643336356333343839346230333964396232366164613332223b6964656e746974797c733a31393a2261646d696e406d79626f6e666972652e636f6d223b726f6c655f69647c733a313a2231223b6c6f676765645f696e7c623a313b6c616e67756167657c733a373a22656e676c697368223b),
('6fa560678d37574d221d51acefea77f24fd3b19f', '::1', 1526286010, 0x5f5f63695f6c6173745f726567656e65726174657c693a313532363238353738333b7265717565737465645f706167657c733a37353a22687474703a2f2f6c6f63616c686f73743a38312f666c6f726973742f696e6465782e7068702f61646d696e2f70726f64756374732f6d616e6167655f6174747269627574655f76616c7565223b70726576696f75735f706167657c733a37353a22687474703a2f2f6c6f63616c686f73743a38312f666c6f726973742f696e6465782e7068702f61646d696e2f70726f64756374732f6d616e6167655f6174747269627574655f76616c7565223b757365725f69647c733a313a2231223b617574685f637573746f6d7c733a353a2261646d696e223b757365725f746f6b656e7c733a34303a2239386465336535313134353763373563643336356333343839346230333964396232366164613332223b6964656e746974797c733a32393a22737761696e2e6368616e64616e326b756d617240676d61696c2e636f6d223b726f6c655f69647c733a313a2231223b6c6f676765645f696e7c623a313b6c616e67756167657c733a373a22656e676c697368223b6d6573736167657c733a303a22223b5f5f63695f766172737c613a313a7b733a373a226d657373616765223b733a333a226e6577223b7d),
('715ddebd840a54ed530b1cd437d639c073acdde9', '::1', 1526234117, 0x5f5f63695f6c6173745f726567656e65726174657c693a313532363233333838333b7265717565737465645f706167657c733a36393a22687474703a2f2f6c6f63616c686f73742f666c6f726973742f696e6465782e7068702f61646d696e2f636f6e74656e742f6d616e6167655f62616e6e65722f656469742f31223b70726576696f75735f706167657c733a36393a22687474703a2f2f6c6f63616c686f73742f666c6f726973742f696e6465782e7068702f61646d696e2f636f6e74656e742f6d616e6167655f62616e6e65722f656469742f31223b757365725f69647c733a313a2231223b617574685f637573746f6d7c733a353a2261646d696e223b757365725f746f6b656e7c733a34303a2239386465336535313134353763373563643336356333343839346230333964396232366164613332223b6964656e746974797c733a32393a22737761696e2e6368616e64616e326b756d617240676d61696c2e636f6d223b726f6c655f69647c733a313a2231223b6c6f676765645f696e7c623a313b6c616e67756167657c733a373a22656e676c697368223b6d6573736167657c733a303a22223b5f5f63695f766172737c613a313a7b733a373a226d657373616765223b733a333a226f6c64223b7d),
('718ac495473f5f7dce55803b788c5d21873debf2', '::1', 1526231988, 0x5f5f63695f6c6173745f726567656e65726174657c693a313532363233313734383b7265717565737465645f706167657c733a36393a22687474703a2f2f6c6f63616c686f73742f666c6f726973742f696e6465782e7068702f61646d696e2f636f6e74656e742f6d616e6167655f62616e6e65722f637265617465223b70726576696f75735f706167657c733a36393a22687474703a2f2f6c6f63616c686f73742f666c6f726973742f696e6465782e7068702f61646d696e2f636f6e74656e742f6d616e6167655f62616e6e65722f637265617465223b757365725f69647c733a313a2231223b617574685f637573746f6d7c733a353a2261646d696e223b757365725f746f6b656e7c733a34303a2239386465336535313134353763373563643336356333343839346230333964396232366164613332223b6964656e746974797c733a32393a22737761696e2e6368616e64616e326b756d617240676d61696c2e636f6d223b726f6c655f69647c733a313a2231223b6c6f676765645f696e7c623a313b6c616e67756167657c733a373a22656e676c697368223b),
('74c262371cbf26f263f535b365a3327fb71840cb', '::1', 1525589308, 0x5f5f63695f6c6173745f726567656e65726174657c693a313532353538393138313b7265717565737465645f706167657c733a33343a22687474703a2f2f6c6f63616c686f73742f666c6f726973742f696e6465782e706870223b70726576696f75735f706167657c733a33343a22687474703a2f2f6c6f63616c686f73742f666c6f726973742f696e6465782e706870223b757365725f69647c733a313a2231223b617574685f637573746f6d7c733a353a2261646d696e223b757365725f746f6b656e7c733a34303a2239386465336535313134353763373563643336356333343839346230333964396232366164613332223b6964656e746974797c733a31393a2261646d696e406d79626f6e666972652e636f6d223b726f6c655f69647c733a313a2231223b6c6f676765645f696e7c623a313b6c616e67756167657c733a373a22656e676c697368223b),
('75778e2cdcc456491d02b9bcf0689c87d857eadd', '::1', 1526229602, 0x5f5f63695f6c6173745f726567656e65726174657c693a313532363232393430333b7265717565737465645f706167657c733a36303a22687474703a2f2f6c6f63616c686f73742f666c6f726973742f696e6465782e7068702f61646d696e2f636f6e74656e742f6d616e6167655f63697479223b70726576696f75735f706167657c733a36303a22687474703a2f2f6c6f63616c686f73742f666c6f726973742f696e6465782e7068702f61646d696e2f636f6e74656e742f6d616e6167655f63697479223b757365725f69647c733a313a2231223b617574685f637573746f6d7c733a353a2261646d696e223b757365725f746f6b656e7c733a34303a2239386465336535313134353763373563643336356333343839346230333964396232366164613332223b6964656e746974797c733a32393a22737761696e2e6368616e64616e326b756d617240676d61696c2e636f6d223b726f6c655f69647c733a313a2231223b6c6f676765645f696e7c623a313b6c616e67756167657c733a373a22656e676c697368223b),
('7bf504da0de91c8adfdb78460bfdb55f2f3ff5dc', '::1', 1526192392, 0x5f5f63695f6c6173745f726567656e65726174657c693a313532363139323339313b7265717565737465645f706167657c733a33343a22687474703a2f2f6c6f63616c686f73742f666c6f726973742f696e6465782e706870223b70726576696f75735f706167657c733a33343a22687474703a2f2f6c6f63616c686f73742f666c6f726973742f696e6465782e706870223b),
('7c886e6441e08ea41dbc8f5d019358a93a00f765', '::1', 1526298903, 0x5f5f63695f6c6173745f726567656e65726174657c693a313532363239383930333b7265717565737465645f706167657c733a37383a22687474703a2f2f6c6f63616c686f73743a38312f666c6f726973742f696e6465782e7068702f61646d696e2f646576656c6f7065722f6275696c6465722f6372656174655f6d6f64756c652f3135223b70726576696f75735f706167657c733a37383a22687474703a2f2f6c6f63616c686f73743a38312f666c6f726973742f696e6465782e7068702f61646d696e2f646576656c6f7065722f6275696c6465722f6372656174655f6d6f64756c652f3135223b757365725f69647c733a313a2231223b617574685f637573746f6d7c733a353a2261646d696e223b757365725f746f6b656e7c733a34303a2239386465336535313134353763373563643336356333343839346230333964396232366164613332223b6964656e746974797c733a32393a22737761696e2e6368616e64616e326b756d617240676d61696c2e636f6d223b726f6c655f69647c733a313a2231223b6c6f676765645f696e7c623a313b6c616e67756167657c733a373a22656e676c697368223b),
('81ab6333524f6c392655d816be9c66e507fd07e0', '::1', 1526301734, 0x5f5f63695f6c6173745f726567656e65726174657c693a313532363330313532323b7265717565737465645f706167657c733a37353a22687474703a2f2f6c6f63616c686f73743a38312f666c6f726973742f696e6465782e7068702f61646d696e2f70726f64756374732f6d616e6167655f70726f64756374732f637265617465223b70726576696f75735f706167657c733a37353a22687474703a2f2f6c6f63616c686f73743a38312f666c6f726973742f696e6465782e7068702f61646d696e2f70726f64756374732f6d616e6167655f70726f64756374732f637265617465223b757365725f69647c733a313a2231223b617574685f637573746f6d7c733a353a2261646d696e223b757365725f746f6b656e7c733a34303a2239386465336535313134353763373563643336356333343839346230333964396232366164613332223b6964656e746974797c733a32393a22737761696e2e6368616e64616e326b756d617240676d61696c2e636f6d223b726f6c655f69647c733a313a2231223b6c6f676765645f696e7c623a313b6c616e67756167657c733a373a22656e676c697368223b),
('81f560dc3b4e7b717e0149776c42dea4b37ed50f', '::1', 1525595254, 0x5f5f63695f6c6173745f726567656e65726174657c693a313532353539353037353b7265717565737465645f706167657c733a36373a22687474703a2f2f6c6f63616c686f73742f666c6f726973742f696e6465782e7068702f61646d696e2f636f6e74656e742f6d616e6167655f706167652f637265617465223b70726576696f75735f706167657c733a36373a22687474703a2f2f6c6f63616c686f73742f666c6f726973742f696e6465782e7068702f61646d696e2f636f6e74656e742f6d616e6167655f706167652f637265617465223b757365725f69647c733a313a2231223b617574685f637573746f6d7c733a353a2261646d696e223b757365725f746f6b656e7c733a34303a2239386465336535313134353763373563643336356333343839346230333964396232366164613332223b6964656e746974797c733a31393a2261646d696e406d79626f6e666972652e636f6d223b726f6c655f69647c733a313a2231223b6c6f676765645f696e7c623a313b6c616e67756167657c733a373a22656e676c697368223b),
('8ca1fc846ff1be34f7b7265d6b34efa78e3d5b41', '::1', 1526289919, 0x5f5f63695f6c6173745f726567656e65726174657c693a313532363238393636373b7265717565737465645f706167657c733a37373a22687474703a2f2f6c6f63616c686f73743a38312f666c6f726973742f696e6465782e7068702f61646d696e2f646576656c6f7065722f6275696c6465722f6372656174655f6d6f64756c652f39223b70726576696f75735f706167657c733a37373a22687474703a2f2f6c6f63616c686f73743a38312f666c6f726973742f696e6465782e7068702f61646d696e2f646576656c6f7065722f6275696c6465722f6372656174655f6d6f64756c652f39223b757365725f69647c733a313a2231223b617574685f637573746f6d7c733a353a2261646d696e223b757365725f746f6b656e7c733a34303a2239386465336535313134353763373563643336356333343839346230333964396232366164613332223b6964656e746974797c733a32393a22737761696e2e6368616e64616e326b756d617240676d61696c2e636f6d223b726f6c655f69647c733a313a2231223b6c6f676765645f696e7c623a313b6c616e67756167657c733a373a22656e676c697368223b),
('90d558a366e67d42a4cddc9a4af8644c468a3553', '::1', 1525720579, 0x5f5f63695f6c6173745f726567656e65726174657c693a313532353732303335303b7265717565737465645f706167657c733a37333a22687474703a2f2f6c6f63616c686f73742f666c6f726973742f696e6465782e7068702f61646d696e2f646576656c6f7065722f6275696c6465722f6372656174655f636f6e74657874223b70726576696f75735f706167657c733a37333a22687474703a2f2f6c6f63616c686f73742f666c6f726973742f696e6465782e7068702f61646d696e2f646576656c6f7065722f6275696c6465722f6372656174655f636f6e74657874223b757365725f69647c733a313a2231223b617574685f637573746f6d7c733a353a2261646d696e223b757365725f746f6b656e7c733a34303a2239386465336535313134353763373563643336356333343839346230333964396232366164613332223b6964656e746974797c733a32393a22737761696e2e6368616e64616e326b756d617240676d61696c2e636f6d223b726f6c655f69647c733a313a2231223b6c6f676765645f696e7c623a313b6c616e67756167657c733a373a22656e676c697368223b),
('939cc09fa902241a6d3d6da1b515e3f91e3467bb', '::1', 1525592453, 0x5f5f63695f6c6173745f726567656e65726174657c693a313532353539323430303b7265717565737465645f706167657c733a37353a22687474703a2f2f6c6f63616c686f73742f666c6f726973742f696e6465782e7068702f61646d696e2f646576656c6f7065722f6275696c6465722f6372656174655f6d6f64756c652f3130223b70726576696f75735f706167657c733a37353a22687474703a2f2f6c6f63616c686f73742f666c6f726973742f696e6465782e7068702f61646d696e2f646576656c6f7065722f6275696c6465722f6372656174655f6d6f64756c652f3130223b757365725f69647c733a313a2231223b617574685f637573746f6d7c733a353a2261646d696e223b757365725f746f6b656e7c733a34303a2239386465336535313134353763373563643336356333343839346230333964396232366164613332223b6964656e746974797c733a31393a2261646d696e406d79626f6e666972652e636f6d223b726f6c655f69647c733a313a2231223b6c6f676765645f696e7c623a313b6c616e67756167657c733a373a22656e676c697368223b),
('961b16ab95c1e4079dda2e85ad58839732736c9e', '::1', 1525723333, 0x5f5f63695f6c6173745f726567656e65726174657c693a313532353732333333333b7265717565737465645f706167657c733a33343a22687474703a2f2f6c6f63616c686f73742f666c6f726973742f696e6465782e706870223b70726576696f75735f706167657c733a33343a22687474703a2f2f6c6f63616c686f73742f666c6f726973742f696e6465782e706870223b),
('962e73922b25af3e53c76d9e647ea3a2f1ae0c30', '::1', 1526297478, 0x5f5f63695f6c6173745f726567656e65726174657c693a313532363239373233303b7265717565737465645f706167657c733a36383a22687474703a2f2f6c6f63616c686f73743a38312f666c6f726973742f696e6465782e7068702f61646d696e2f70726f64756374732f6d616e6167655f63617465676f7279223b70726576696f75735f706167657c733a36383a22687474703a2f2f6c6f63616c686f73743a38312f666c6f726973742f696e6465782e7068702f61646d696e2f70726f64756374732f6d616e6167655f63617465676f7279223b757365725f69647c733a313a2231223b617574685f637573746f6d7c733a353a2261646d696e223b757365725f746f6b656e7c733a34303a2239386465336535313134353763373563643336356333343839346230333964396232366164613332223b6964656e746974797c733a32393a22737761696e2e6368616e64616e326b756d617240676d61696c2e636f6d223b726f6c655f69647c733a313a2231223b6c6f676765645f696e7c623a313b6c616e67756167657c733a373a22656e676c697368223b),
('99f6d33c50cf823adcb403b7ddaca315da981a89', '::1', 1526285760, 0x5f5f63695f6c6173745f726567656e65726174657c693a313532363238353437323b7265717565737465645f706167657c733a37353a22687474703a2f2f6c6f63616c686f73743a38312f666c6f726973742f696e6465782e7068702f61646d696e2f70726f64756374732f6d616e6167655f6174747269627574655f76616c7565223b70726576696f75735f706167657c733a37353a22687474703a2f2f6c6f63616c686f73743a38312f666c6f726973742f696e6465782e7068702f61646d696e2f70726f64756374732f6d616e6167655f6174747269627574655f76616c7565223b757365725f69647c733a313a2231223b617574685f637573746f6d7c733a353a2261646d696e223b757365725f746f6b656e7c733a34303a2239386465336535313134353763373563643336356333343839346230333964396232366164613332223b6964656e746974797c733a32393a22737761696e2e6368616e64616e326b756d617240676d61696c2e636f6d223b726f6c655f69647c733a313a2231223b6c6f676765645f696e7c623a313b6c616e67756167657c733a373a22656e676c697368223b),
('9bff7d4c4af13eb9579b66cb8180f580003ff4aa', '::1', 1525594984, 0x5f5f63695f6c6173745f726567656e65726174657c693a313532353539343732333b7265717565737465645f706167657c733a36303a22687474703a2f2f6c6f63616c686f73742f666c6f726973742f696e6465782e7068702f61646d696e2f636f6e74656e742f6d616e6167655f70616765223b70726576696f75735f706167657c733a36303a22687474703a2f2f6c6f63616c686f73742f666c6f726973742f696e6465782e7068702f61646d696e2f636f6e74656e742f6d616e6167655f70616765223b757365725f69647c733a313a2232223b617574685f637573746f6d7c733a363a22626861726174223b757365725f746f6b656e7c733a34303a2239376133653732636634356332363930346435373336353064663133633461623430373031306462223b6964656e746974797c733a32343a226268617261742e6b61746172696140676d61696c2e636f6d223b726f6c655f69647c733a313a2232223b6c6f676765645f696e7c623a313b6c616e67756167657c733a373a22656e676c697368223b6d6573736167657c733a303a22223b5f5f63695f766172737c613a313a7b733a373a226d657373616765223b733a333a226f6c64223b7d),
('9eb5f141705715470670ea3a8185bcce483e4a2f', '::1', 1525717373, 0x5f5f63695f6c6173745f726567656e65726174657c693a313532353731373237363b7265717565737465645f706167657c733a36303a22687474703a2f2f6c6f63616c686f73742f666c6f726973742f696e6465782e7068702f61646d696e2f636f6e74656e742f6d616e6167655f70616765223b70726576696f75735f706167657c733a36303a22687474703a2f2f6c6f63616c686f73742f666c6f726973742f696e6465782e7068702f61646d696e2f636f6e74656e742f6d616e6167655f70616765223b757365725f69647c733a313a2231223b617574685f637573746f6d7c733a353a2261646d696e223b757365725f746f6b656e7c733a34303a2239386465336535313134353763373563643336356333343839346230333964396232366164613332223b6964656e746974797c733a32393a22737761696e2e6368616e64616e326b756d617240676d61696c2e636f6d223b726f6c655f69647c733a313a2231223b6c6f676765645f696e7c623a313b6c616e67756167657c733a373a22656e676c697368223b),
('a424c81017e7e9cfe796d3c988c69ef1e40bb0f0', '::1', 1526291373, 0x5f5f63695f6c6173745f726567656e65726174657c693a313532363239313337323b7265717565737465645f706167657c733a37373a22687474703a2f2f6c6f63616c686f73743a38312f666c6f726973742f696e6465782e7068702f61646d696e2f646576656c6f7065722f6275696c6465722f6372656174655f6d6f64756c652f39223b70726576696f75735f706167657c733a37373a22687474703a2f2f6c6f63616c686f73743a38312f666c6f726973742f696e6465782e7068702f61646d696e2f646576656c6f7065722f6275696c6465722f6372656174655f6d6f64756c652f39223b757365725f69647c733a313a2231223b617574685f637573746f6d7c733a353a2261646d696e223b757365725f746f6b656e7c733a34303a2239386465336535313134353763373563643336356333343839346230333964396232366164613332223b6964656e746974797c733a32393a22737761696e2e6368616e64616e326b756d617240676d61696c2e636f6d223b726f6c655f69647c733a313a2231223b6c6f676765645f696e7c623a313b6c616e67756167657c733a373a22656e676c697368223b),
('a7ada690026c242e92741d7a7dcccd560540f804', '::1', 1525718526, 0x5f5f63695f6c6173745f726567656e65726174657c693a313532353731383433303b7265717565737465645f706167657c733a37343a22687474703a2f2f6c6f63616c686f73742f666c6f726973742f696e6465782e7068702f61646d696e2f646576656c6f7065722f6275696c6465722f6372656174655f6d6f64756c652f36223b70726576696f75735f706167657c733a37343a22687474703a2f2f6c6f63616c686f73742f666c6f726973742f696e6465782e7068702f61646d696e2f646576656c6f7065722f6275696c6465722f6372656174655f6d6f64756c652f36223b757365725f69647c733a313a2231223b617574685f637573746f6d7c733a353a2261646d696e223b757365725f746f6b656e7c733a34303a2239386465336535313134353763373563643336356333343839346230333964396232366164613332223b6964656e746974797c733a32393a22737761696e2e6368616e64616e326b756d617240676d61696c2e636f6d223b726f6c655f69647c733a313a2231223b6c6f676765645f696e7c623a313b6c616e67756167657c733a373a22656e676c697368223b),
('a85b913aafb8a153afc47d7439f78dd614645127', '::1', 1525722632, 0x5f5f63695f6c6173745f726567656e65726174657c693a313532353732323530343b7265717565737465645f706167657c733a37343a22687474703a2f2f6c6f63616c686f73742f666c6f726973742f696e6465782e7068702f61646d696e2f646576656c6f7065722f6275696c6465722f6372656174655f6d6f64756c652f39223b70726576696f75735f706167657c733a37343a22687474703a2f2f6c6f63616c686f73742f666c6f726973742f696e6465782e7068702f61646d696e2f646576656c6f7065722f6275696c6465722f6372656174655f6d6f64756c652f39223b757365725f69647c733a313a2231223b617574685f637573746f6d7c733a353a2261646d696e223b757365725f746f6b656e7c733a34303a2239386465336535313134353763373563643336356333343839346230333964396232366164613332223b6964656e746974797c733a32393a22737761696e2e6368616e64616e326b756d617240676d61696c2e636f6d223b726f6c655f69647c733a313a2231223b6c6f676765645f696e7c623a313b6c616e67756167657c733a373a22656e676c697368223b),
('aa876a6955fbcf470f5cd674507b454231b5efa4', '::1', 1525593377, 0x5f5f63695f6c6173745f726567656e65726174657c693a313532353539333130333b7265717565737465645f706167657c733a37333a22687474703a2f2f6c6f63616c686f73742f666c6f726973742f696e6465782e7068702f61646d696e2f646576656c6f7065722f6275696c6465722f6372656174655f636f6e74657874223b70726576696f75735f706167657c733a37333a22687474703a2f2f6c6f63616c686f73742f666c6f726973742f696e6465782e7068702f61646d696e2f646576656c6f7065722f6275696c6465722f6372656174655f636f6e74657874223b757365725f69647c733a313a2231223b617574685f637573746f6d7c733a353a2261646d696e223b757365725f746f6b656e7c733a34303a2239386465336535313134353763373563643336356333343839346230333964396232366164613332223b6964656e746974797c733a31393a2261646d696e406d79626f6e666972652e636f6d223b726f6c655f69647c733a313a2231223b6c6f676765645f696e7c623a313b6c616e67756167657c733a373a22656e676c697368223b),
('ab9938eb5f22e90fb7d7686cdf0302ade0f2c7b5', '::1', 1526235790, 0x5f5f63695f6c6173745f726567656e65726174657c693a313532363233353537343b7265717565737465645f706167657c733a36393a22687474703a2f2f6c6f63616c686f73742f666c6f726973742f696e6465782e7068702f61646d696e2f70726f64756374732f6164646974696f6e616c5f70726f6475637473223b70726576696f75735f706167657c733a36393a22687474703a2f2f6c6f63616c686f73742f666c6f726973742f696e6465782e7068702f61646d696e2f70726f64756374732f6164646974696f6e616c5f70726f6475637473223b757365725f69647c733a313a2231223b617574685f637573746f6d7c733a353a2261646d696e223b757365725f746f6b656e7c733a34303a2239386465336535313134353763373563643336356333343839346230333964396232366164613332223b6964656e746974797c733a32393a22737761696e2e6368616e64616e326b756d617240676d61696c2e636f6d223b726f6c655f69647c733a313a2231223b6c6f676765645f696e7c623a313b6c616e67756167657c733a373a22656e676c697368223b),
('babfd3b89f4db7fab9663e3382fff777a5ac4654', '::1', 1526235916, 0x5f5f63695f6c6173745f726567656e65726174657c693a313532363233353931363b7265717565737465645f706167657c733a33343a22687474703a2f2f6c6f63616c686f73742f666c6f726973742f696e6465782e706870223b70726576696f75735f706167657c733a33343a22687474703a2f2f6c6f63616c686f73742f666c6f726973742f696e6465782e706870223b),
('bbdeb02f0bf2d43839b7d579a7ecf1663d18eb4d', '::1', 1525723191, 0x5f5f63695f6c6173745f726567656e65726174657c693a313532353732323939333b7265717565737465645f706167657c733a36303a22687474703a2f2f6c6f63616c686f73742f666c6f726973742f696e6465782e7068702f61646d696e2f636f6e74656e742f6d616e6167655f70616765223b70726576696f75735f706167657c733a36303a22687474703a2f2f6c6f63616c686f73742f666c6f726973742f696e6465782e7068702f61646d696e2f636f6e74656e742f6d616e6167655f70616765223b757365725f69647c733a313a2232223b617574685f637573746f6d7c733a363a22626861726174223b757365725f746f6b656e7c733a34303a2239376133653732636634356332363930346435373336353064663133633461623430373031306462223b6964656e746974797c733a32343a226268617261742e6b61746172696140676d61696c2e636f6d223b726f6c655f69647c733a313a2232223b6c6f676765645f696e7c623a313b6c616e67756167657c733a373a22656e676c697368223b),
('c028b1e6b90fe8ddddc86e101a7e1ef1aa6da69f', '::1', 1526234824, 0x5f5f63695f6c6173745f726567656e65726174657c693a313532363233343635323b7265717565737465645f706167657c733a37393a22687474703a2f2f6c6f63616c686f73742f666c6f726973742f696e6465782e7068702f61646d696e2f70726f64756374732f6d616e6167655f6174747269627574655f76616c75652f637265617465223b70726576696f75735f706167657c733a37393a22687474703a2f2f6c6f63616c686f73742f666c6f726973742f696e6465782e7068702f61646d696e2f70726f64756374732f6d616e6167655f6174747269627574655f76616c75652f637265617465223b757365725f69647c733a313a2231223b617574685f637573746f6d7c733a353a2261646d696e223b757365725f746f6b656e7c733a34303a2239386465336535313134353763373563643336356333343839346230333964396232366164613332223b6964656e746974797c733a32393a22737761696e2e6368616e64616e326b756d617240676d61696c2e636f6d223b726f6c655f69647c733a313a2231223b6c6f676765645f696e7c623a313b6c616e67756167657c733a373a22656e676c697368223b),
('c130abf47245e2f9fbd09c7ab49b03fae5ed0de7', '::1', 1525723259, 0x5f5f63695f6c6173745f726567656e65726174657c693a313532353732333235393b7265717565737465645f706167657c733a33343a22687474703a2f2f6c6f63616c686f73742f666c6f726973742f696e6465782e706870223b70726576696f75735f706167657c733a33343a22687474703a2f2f6c6f63616c686f73742f666c6f726973742f696e6465782e706870223b),
('c61ccfe64eb80e8e85a0aa7c9ccbb51695ba85d9', '::1', 1526302189, 0x5f5f63695f6c6173745f726567656e65726174657c693a313532363330313839313b7265717565737465645f706167657c733a37353a22687474703a2f2f6c6f63616c686f73743a38312f666c6f726973742f696e6465782e7068702f61646d696e2f70726f64756374732f6d616e6167655f70726f64756374732f637265617465223b70726576696f75735f706167657c733a37353a22687474703a2f2f6c6f63616c686f73743a38312f666c6f726973742f696e6465782e7068702f61646d696e2f70726f64756374732f6d616e6167655f70726f64756374732f637265617465223b757365725f69647c733a313a2231223b617574685f637573746f6d7c733a353a2261646d696e223b757365725f746f6b656e7c733a34303a2239386465336535313134353763373563643336356333343839346230333964396232366164613332223b6964656e746974797c733a32393a22737761696e2e6368616e64616e326b756d617240676d61696c2e636f6d223b726f6c655f69647c733a313a2231223b6c6f676765645f696e7c623a313b6c616e67756167657c733a373a22656e676c697368223b),
('ca6da70a1ed97df9becd0d429b348c8782f73b43', '::1', 1526284327, 0x5f5f63695f6c6173745f726567656e65726174657c693a313532363238343131383b7265717565737465645f706167657c733a38323a22687474703a2f2f6c6f63616c686f73743a38312f666c6f726973742f696e6465782e7068702f61646d696e2f70726f64756374732f6d616e6167655f6174747269627574655f76616c75652f656469742f31223b70726576696f75735f706167657c733a38323a22687474703a2f2f6c6f63616c686f73743a38312f666c6f726973742f696e6465782e7068702f61646d696e2f70726f64756374732f6d616e6167655f6174747269627574655f76616c75652f656469742f31223b757365725f69647c733a313a2231223b617574685f637573746f6d7c733a353a2261646d696e223b757365725f746f6b656e7c733a34303a2239386465336535313134353763373563643336356333343839346230333964396232366164613332223b6964656e746974797c733a32393a22737761696e2e6368616e64616e326b756d617240676d61696c2e636f6d223b726f6c655f69647c733a313a2231223b6c6f676765645f696e7c623a313b6c616e67756167657c733a373a22656e676c697368223b),
('cb8a56b12fc3679f6b450cfe21800313ac49f6b6', '::1', 1526229050, 0x5f5f63695f6c6173745f726567656e65726174657c693a313532363232383738363b7265717565737465645f706167657c733a36303a22687474703a2f2f6c6f63616c686f73742f666c6f726973742f696e6465782e7068702f61646d696e2f636f6e74656e742f6d616e6167655f63697479223b70726576696f75735f706167657c733a36303a22687474703a2f2f6c6f63616c686f73742f666c6f726973742f696e6465782e7068702f61646d696e2f636f6e74656e742f6d616e6167655f63697479223b757365725f69647c733a313a2231223b617574685f637573746f6d7c733a353a2261646d696e223b757365725f746f6b656e7c733a34303a2239386465336535313134353763373563643336356333343839346230333964396232366164613332223b6964656e746974797c733a32393a22737761696e2e6368616e64616e326b756d617240676d61696c2e636f6d223b726f6c655f69647c733a313a2231223b6c6f676765645f696e7c623a313b6c616e67756167657c733a373a22656e676c697368223b6d6573736167657c733a303a22223b5f5f63695f766172737c613a313a7b733a373a226d657373616765223b733a333a226e6577223b7d);
INSERT INTO `bf_ci3_sessions` (`id`, `ip_address`, `timestamp`, `data`) VALUES
('d1fad892f1d15df205362855b06a807b4e407d05', '::1', 1526286278, 0x5f5f63695f6c6173745f726567656e65726174657c693a313532363238363133313b7265717565737465645f706167657c733a37323a22687474703a2f2f6c6f63616c686f73743a38312f666c6f726973742f696e6465782e7068702f61646d696e2f70726f64756374732f6164646974696f6e616c5f70726f6475637473223b70726576696f75735f706167657c733a37323a22687474703a2f2f6c6f63616c686f73743a38312f666c6f726973742f696e6465782e7068702f61646d696e2f70726f64756374732f6164646974696f6e616c5f70726f6475637473223b757365725f69647c733a313a2231223b617574685f637573746f6d7c733a353a2261646d696e223b757365725f746f6b656e7c733a34303a2239386465336535313134353763373563643336356333343839346230333964396232366164613332223b6964656e746974797c733a32393a22737761696e2e6368616e64616e326b756d617240676d61696c2e636f6d223b726f6c655f69647c733a313a2231223b6c6f676765645f696e7c623a313b6c616e67756167657c733a373a22656e676c697368223b6d6573736167657c733a303a22223b5f5f63695f766172737c613a313a7b733a373a226d657373616765223b733a333a226e6577223b7d),
('d20accf488ef9059d3eec371532796980ea08cbc', '::1', 1525721764, 0x5f5f63695f6c6173745f726567656e65726174657c693a313532353732313436383b7265717565737465645f706167657c733a37323a22687474703a2f2f6c6f63616c686f73742f666c6f726973742f696e6465782e7068702f61646d696e2f646576656c6f7065722f6275696c6465722f6372656174655f6d6f64756c65223b70726576696f75735f706167657c733a37323a22687474703a2f2f6c6f63616c686f73742f666c6f726973742f696e6465782e7068702f61646d696e2f646576656c6f7065722f6275696c6465722f6372656174655f6d6f64756c65223b757365725f69647c733a313a2231223b617574685f637573746f6d7c733a353a2261646d696e223b757365725f746f6b656e7c733a34303a2239386465336535313134353763373563643336356333343839346230333964396232366164613332223b6964656e746974797c733a32393a22737761696e2e6368616e64616e326b756d617240676d61696c2e636f6d223b726f6c655f69647c733a313a2231223b6c6f676765645f696e7c623a313b6c616e67756167657c733a373a22656e676c697368223b),
('d3f353ecb9323dbc4f68c4f0d356b62cc96ff018', '::1', 1526192760, 0x5f5f63695f6c6173745f726567656e65726174657c693a313532363139323730343b7265717565737465645f706167657c733a36393a22687474703a2f2f6c6f63616c686f73742f666c6f726973742f696e6465782e7068702f61646d696e2f70726f64756374732f6164646974696f6e616c5f70726f6475637473223b70726576696f75735f706167657c733a36393a22687474703a2f2f6c6f63616c686f73742f666c6f726973742f696e6465782e7068702f61646d696e2f70726f64756374732f6164646974696f6e616c5f70726f6475637473223b757365725f69647c733a313a2231223b617574685f637573746f6d7c733a353a2261646d696e223b757365725f746f6b656e7c733a34303a2239386465336535313134353763373563643336356333343839346230333964396232366164613332223b6964656e746974797c733a32393a22737761696e2e6368616e64616e326b756d617240676d61696c2e636f6d223b726f6c655f69647c733a313a2231223b6c6f676765645f696e7c623a313b6c616e67756167657c733a373a22656e676c697368223b),
('d88a4ce7e50131ffe3c2ddf89ac4e11ece674022', '::1', 1525721033, 0x5f5f63695f6c6173745f726567656e65726174657c693a313532353732303735393b7265717565737465645f706167657c733a37323a22687474703a2f2f6c6f63616c686f73742f666c6f726973742f696e6465782e7068702f61646d696e2f646576656c6f7065722f6275696c6465722f6372656174655f6d6f64756c65223b70726576696f75735f706167657c733a37323a22687474703a2f2f6c6f63616c686f73742f666c6f726973742f696e6465782e7068702f61646d696e2f646576656c6f7065722f6275696c6465722f6372656174655f6d6f64756c65223b757365725f69647c733a313a2231223b617574685f637573746f6d7c733a353a2261646d696e223b757365725f746f6b656e7c733a34303a2239386465336535313134353763373563643336356333343839346230333964396232366164613332223b6964656e746974797c733a32393a22737761696e2e6368616e64616e326b756d617240676d61696c2e636f6d223b726f6c655f69647c733a313a2231223b6c6f676765645f696e7c623a313b6c616e67756167657c733a373a22656e676c697368223b),
('e08d177e02534a2ec537af9f60b4dde4e7c9a341', '::1', 1525594845, 0x5f5f63695f6c6173745f726567656e65726174657c693a313532353539343535343b7265717565737465645f706167657c733a35383a22687474703a2f2f6c6f63616c686f73742f666c6f726973742f696e6465782e7068702f61646d696e2f73657474696e67732f73657474696e6773223b70726576696f75735f706167657c733a35383a22687474703a2f2f6c6f63616c686f73742f666c6f726973742f696e6465782e7068702f61646d696e2f73657474696e67732f73657474696e6773223b757365725f69647c733a313a2231223b617574685f637573746f6d7c733a353a2261646d696e223b757365725f746f6b656e7c733a34303a2239386465336535313134353763373563643336356333343839346230333964396232366164613332223b6964656e746974797c733a31393a2261646d696e406d79626f6e666972652e636f6d223b726f6c655f69647c733a313a2231223b6c6f676765645f696e7c623a313b6c616e67756167657c733a373a22656e676c697368223b),
('e5f66a5140e23bce47f49aae2a8acc86fed7912a', '::1', 1526235212, 0x5f5f63695f6c6173745f726567656e65726174657c693a313532363233353036353b7265717565737465645f706167657c733a37323a22687474703a2f2f6c6f63616c686f73742f666c6f726973742f696e6465782e7068702f61646d696e2f70726f64756374732f6d616e6167655f6174747269627574655f76616c7565223b70726576696f75735f706167657c733a37323a22687474703a2f2f6c6f63616c686f73742f666c6f726973742f696e6465782e7068702f61646d696e2f70726f64756374732f6d616e6167655f6174747269627574655f76616c7565223b757365725f69647c733a313a2231223b617574685f637573746f6d7c733a353a2261646d696e223b757365725f746f6b656e7c733a34303a2239386465336535313134353763373563643336356333343839346230333964396232366164613332223b6964656e746974797c733a32393a22737761696e2e6368616e64616e326b756d617240676d61696c2e636f6d223b726f6c655f69647c733a313a2231223b6c6f676765645f696e7c623a313b6c616e67756167657c733a373a22656e676c697368223b6d6573736167657c733a303a22223b5f5f63695f766172737c613a313a7b733a373a226d657373616765223b733a333a226e6577223b7d),
('eb61d42555d774ae71e096a87f583cbf53dfb35d', '::1', 1526303715, 0x5f5f63695f6c6173745f726567656e65726174657c693a313532363330333436363b7265717565737465645f706167657c733a37393a22687474703a2f2f6c6f63616c686f73743a38312f666c6f726973742f696e6465782e7068702f61646d696e2f70726f64756374732f6164646974696f6e616c5f70726f64756374732f637265617465223b70726576696f75735f706167657c733a37393a22687474703a2f2f6c6f63616c686f73743a38312f666c6f726973742f696e6465782e7068702f61646d696e2f70726f64756374732f6164646974696f6e616c5f70726f64756374732f637265617465223b757365725f69647c733a313a2231223b617574685f637573746f6d7c733a353a2261646d696e223b757365725f746f6b656e7c733a34303a2239386465336535313134353763373563643336356333343839346230333964396232366164613332223b6964656e746974797c733a32393a22737761696e2e6368616e64616e326b756d617240676d61696c2e636f6d223b726f6c655f69647c733a313a2231223b6c6f676765645f696e7c623a313b6c616e67756167657c733a373a22656e676c697368223b),
('ec5e3265b67f8670d3f22741e86dff59abec2aea', '::1', 1525595478, 0x5f5f63695f6c6173745f726567656e65726174657c693a313532353539353437383b7265717565737465645f706167657c733a33343a22687474703a2f2f6c6f63616c686f73742f666c6f726973742f696e6465782e706870223b70726576696f75735f706167657c733a33343a22687474703a2f2f6c6f63616c686f73742f666c6f726973742f696e6465782e706870223b),
('f9414793213de937f6b18a9a3f798cf635cadbdf', '::1', 1525719429, 0x5f5f63695f6c6173745f726567656e65726174657c693a313532353731393338333b7265717565737465645f706167657c733a35383a22687474703a2f2f6c6f63616c686f73742f666c6f726973742f696e6465782e7068702f61646d696e2f646576656c6f7065722f6275696c646572223b70726576696f75735f706167657c733a35383a22687474703a2f2f6c6f63616c686f73742f666c6f726973742f696e6465782e7068702f61646d696e2f646576656c6f7065722f6275696c646572223b757365725f69647c733a313a2231223b617574685f637573746f6d7c733a353a2261646d696e223b757365725f746f6b656e7c733a34303a2239386465336535313134353763373563643336356333343839346230333964396232366164613332223b6964656e746974797c733a32393a22737761696e2e6368616e64616e326b756d617240676d61696c2e636f6d223b726f6c655f69647c733a313a2231223b6c6f676765645f696e7c623a313b6c616e67756167657c733a373a22656e676c697368223b),
('fe10519f605241c227220d92b93865d6c3a9a829', '::1', 1526300112, 0x5f5f63695f6c6173745f726567656e65726174657c693a313532363239393934313b7265717565737465645f706167657c733a37383a22687474703a2f2f6c6f63616c686f73743a38312f666c6f726973742f696e6465782e7068702f61646d696e2f646576656c6f7065722f6275696c6465722f6372656174655f6d6f64756c652f3134223b70726576696f75735f706167657c733a37383a22687474703a2f2f6c6f63616c686f73743a38312f666c6f726973742f696e6465782e7068702f61646d696e2f646576656c6f7065722f6275696c6465722f6372656174655f6d6f64756c652f3134223b757365725f69647c733a313a2231223b617574685f637573746f6d7c733a353a2261646d696e223b757365725f746f6b656e7c733a34303a2239386465336535313134353763373563643336356333343839346230333964396232366164613332223b6964656e746974797c733a32393a22737761696e2e6368616e64616e326b756d617240676d61696c2e636f6d223b726f6c655f69647c733a313a2231223b6c6f676765645f696e7c623a313b6c616e67756167657c733a373a22656e676c697368223b),
('ff0cef4f04c823475d42595fd438ef1fc72da807', '::1', 1525593942, 0x5f5f63695f6c6173745f726567656e65726174657c693a313532353539333732393b7265717565737465645f706167657c733a37343a22687474703a2f2f6c6f63616c686f73742f666c6f726973742f696e6465782e7068702f61646d696e2f646576656c6f7065722f6275696c6465722f6372656174655f6d6f64756c652f38223b70726576696f75735f706167657c733a37343a22687474703a2f2f6c6f63616c686f73742f666c6f726973742f696e6465782e7068702f61646d696e2f646576656c6f7065722f6275696c6465722f6372656174655f6d6f64756c652f38223b757365725f69647c733a313a2231223b617574685f637573746f6d7c733a353a2261646d696e223b757365725f746f6b656e7c733a34303a2239386465336535313134353763373563643336356333343839346230333964396232366164613332223b6964656e746974797c733a31393a2261646d696e406d79626f6e666972652e636f6d223b726f6c655f69647c733a313a2231223b6c6f676765645f696e7c623a313b6c616e67756167657c733a373a22656e676c697368223b),
('ff3d390fd5a2d7dce45a9696c7a2862b394c2ef7', '::1', 1525717759, 0x5f5f63695f6c6173745f726567656e65726174657c693a313532353731373538393b7265717565737465645f706167657c733a35383a22687474703a2f2f6c6f63616c686f73742f666c6f726973742f696e6465782e7068702f61646d696e2f646576656c6f7065722f6275696c646572223b70726576696f75735f706167657c733a35383a22687474703a2f2f6c6f63616c686f73742f666c6f726973742f696e6465782e7068702f61646d696e2f646576656c6f7065722f6275696c646572223b757365725f69647c733a313a2231223b617574685f637573746f6d7c733a353a2261646d696e223b757365725f746f6b656e7c733a34303a2239386465336535313134353763373563643336356333343839346230333964396232366164613332223b6964656e746974797c733a32393a22737761696e2e6368616e64616e326b756d617240676d61696c2e636f6d223b726f6c655f69647c733a313a2231223b6c6f676765645f696e7c623a313b6c616e67756167657c733a373a22656e676c697368223b);

-- --------------------------------------------------------

--
-- Table structure for table `bf_countries`
--

CREATE TABLE `bf_countries` (
  `iso` char(2) NOT NULL DEFAULT 'US',
  `name` varchar(80) NOT NULL,
  `printable_name` varchar(80) NOT NULL,
  `iso3` char(3) DEFAULT NULL,
  `numcode` smallint(6) DEFAULT NULL
) ENGINE=InnoDB DEFAULT CHARSET=utf8;

--
-- Dumping data for table `bf_countries`
--

INSERT INTO `bf_countries` (`iso`, `name`, `printable_name`, `iso3`, `numcode`) VALUES
('AD', 'ANDORRA', 'Andorra', 'AND', 20),
('AE', 'UNITED ARAB EMIRATES', 'United Arab Emirates', 'ARE', 784),
('AF', 'AFGHANISTAN', 'Afghanistan', 'AFG', 4),
('AG', 'ANTIGUA AND BARBUDA', 'Antigua and Barbuda', 'ATG', 28),
('AI', 'ANGUILLA', 'Anguilla', 'AIA', 660),
('AL', 'ALBANIA', 'Albania', 'ALB', 8),
('AM', 'ARMENIA', 'Armenia', 'ARM', 51),
('AN', 'NETHERLANDS ANTILLES', 'Netherlands Antilles', 'ANT', 530),
('AO', 'ANGOLA', 'Angola', 'AGO', 24),
('AQ', 'ANTARCTICA', 'Antarctica', NULL, NULL),
('AR', 'ARGENTINA', 'Argentina', 'ARG', 32),
('AS', 'AMERICAN SAMOA', 'American Samoa', 'ASM', 16),
('AT', 'AUSTRIA', 'Austria', 'AUT', 40),
('AU', 'AUSTRALIA', 'Australia', 'AUS', 36),
('AW', 'ARUBA', 'Aruba', 'ABW', 533),
('AZ', 'AZERBAIJAN', 'Azerbaijan', 'AZE', 31),
('BA', 'BOSNIA AND HERZEGOVINA', 'Bosnia and Herzegovina', 'BIH', 70),
('BB', 'BARBADOS', 'Barbados', 'BRB', 52),
('BD', 'BANGLADESH', 'Bangladesh', 'BGD', 50),
('BE', 'BELGIUM', 'Belgium', 'BEL', 56),
('BF', 'BURKINA FASO', 'Burkina Faso', 'BFA', 854),
('BG', 'BULGARIA', 'Bulgaria', 'BGR', 100),
('BH', 'BAHRAIN', 'Bahrain', 'BHR', 48),
('BI', 'BURUNDI', 'Burundi', 'BDI', 108),
('BJ', 'BENIN', 'Benin', 'BEN', 204),
('BM', 'BERMUDA', 'Bermuda', 'BMU', 60),
('BN', 'BRUNEI DARUSSALAM', 'Brunei Darussalam', 'BRN', 96),
('BO', 'BOLIVIA', 'Bolivia', 'BOL', 68),
('BR', 'BRAZIL', 'Brazil', 'BRA', 76),
('BS', 'BAHAMAS', 'Bahamas', 'BHS', 44),
('BT', 'BHUTAN', 'Bhutan', 'BTN', 64),
('BV', 'BOUVET ISLAND', 'Bouvet Island', NULL, NULL),
('BW', 'BOTSWANA', 'Botswana', 'BWA', 72),
('BY', 'BELARUS', 'Belarus', 'BLR', 112),
('BZ', 'BELIZE', 'Belize', 'BLZ', 84),
('CA', 'CANADA', 'Canada', 'CAN', 124),
('CC', 'COCOS (KEELING) ISLANDS', 'Cocos (Keeling) Islands', NULL, NULL),
('CD', 'CONGO, THE DEMOCRATIC REPUBLIC OF THE', 'Congo, the Democratic Republic of the', 'COD', 180),
('CF', 'CENTRAL AFRICAN REPUBLIC', 'Central African Republic', 'CAF', 140),
('CG', 'CONGO', 'Congo', 'COG', 178),
('CH', 'SWITZERLAND', 'Switzerland', 'CHE', 756),
('CI', 'COTE D''IVOIRE', 'Cote D''Ivoire', 'CIV', 384),
('CK', 'COOK ISLANDS', 'Cook Islands', 'COK', 184),
('CL', 'CHILE', 'Chile', 'CHL', 152),
('CM', 'CAMEROON', 'Cameroon', 'CMR', 120),
('CN', 'CHINA', 'China', 'CHN', 156),
('CO', 'COLOMBIA', 'Colombia', 'COL', 170),
('CR', 'COSTA RICA', 'Costa Rica', 'CRI', 188),
('CS', 'SERBIA AND MONTENEGRO', 'Serbia and Montenegro', NULL, NULL),
('CU', 'CUBA', 'Cuba', 'CUB', 192),
('CV', 'CAPE VERDE', 'Cape Verde', 'CPV', 132),
('CX', 'CHRISTMAS ISLAND', 'Christmas Island', NULL, NULL),
('CY', 'CYPRUS', 'Cyprus', 'CYP', 196),
('CZ', 'CZECH REPUBLIC', 'Czech Republic', 'CZE', 203),
('DE', 'GERMANY', 'Germany', 'DEU', 276),
('DJ', 'DJIBOUTI', 'Djibouti', 'DJI', 262),
('DK', 'DENMARK', 'Denmark', 'DNK', 208),
('DM', 'DOMINICA', 'Dominica', 'DMA', 212),
('DO', 'DOMINICAN REPUBLIC', 'Dominican Republic', 'DOM', 214),
('DZ', 'ALGERIA', 'Algeria', 'DZA', 12),
('EC', 'ECUADOR', 'Ecuador', 'ECU', 218),
('EE', 'ESTONIA', 'Estonia', 'EST', 233),
('EG', 'EGYPT', 'Egypt', 'EGY', 818),
('EH', 'WESTERN SAHARA', 'Western Sahara', 'ESH', 732),
('ER', 'ERITREA', 'Eritrea', 'ERI', 232),
('ES', 'SPAIN', 'Spain', 'ESP', 724),
('ET', 'ETHIOPIA', 'Ethiopia', 'ETH', 231),
('FI', 'FINLAND', 'Finland', 'FIN', 246),
('FJ', 'FIJI', 'Fiji', 'FJI', 242),
('FK', 'FALKLAND ISLANDS (MALVINAS)', 'Falkland Islands (Malvinas)', 'FLK', 238),
('FM', 'MICRONESIA, FEDERATED STATES OF', 'Micronesia, Federated States of', 'FSM', 583),
('FO', 'FAROE ISLANDS', 'Faroe Islands', 'FRO', 234),
('FR', 'FRANCE', 'France', 'FRA', 250),
('GA', 'GABON', 'Gabon', 'GAB', 266),
('GB', 'UNITED KINGDOM', 'United Kingdom', 'GBR', 826),
('GD', 'GRENADA', 'Grenada', 'GRD', 308),
('GE', 'GEORGIA', 'Georgia', 'GEO', 268),
('GF', 'FRENCH GUIANA', 'French Guiana', 'GUF', 254),
('GH', 'GHANA', 'Ghana', 'GHA', 288),
('GI', 'GIBRALTAR', 'Gibraltar', 'GIB', 292),
('GL', 'GREENLAND', 'Greenland', 'GRL', 304),
('GM', 'GAMBIA', 'Gambia', 'GMB', 270),
('GN', 'GUINEA', 'Guinea', 'GIN', 324),
('GP', 'GUADELOUPE', 'Guadeloupe', 'GLP', 312),
('GQ', 'EQUATORIAL GUINEA', 'Equatorial Guinea', 'GNQ', 226),
('GR', 'GREECE', 'Greece', 'GRC', 300),
('GS', 'SOUTH GEORGIA AND THE SOUTH SANDWICH ISLANDS', 'South Georgia and the South Sandwich Islands', NULL, NULL),
('GT', 'GUATEMALA', 'Guatemala', 'GTM', 320),
('GU', 'GUAM', 'Guam', 'GUM', 316),
('GW', 'GUINEA-BISSAU', 'Guinea-Bissau', 'GNB', 624),
('GY', 'GUYANA', 'Guyana', 'GUY', 328),
('HK', 'HONG KONG', 'Hong Kong', 'HKG', 344),
('HM', 'HEARD ISLAND AND MCDONALD ISLANDS', 'Heard Island and Mcdonald Islands', NULL, NULL),
('HN', 'HONDURAS', 'Honduras', 'HND', 340),
('HR', 'CROATIA', 'Croatia', 'HRV', 191),
('HT', 'HAITI', 'Haiti', 'HTI', 332),
('HU', 'HUNGARY', 'Hungary', 'HUN', 348),
('ID', 'INDONESIA', 'Indonesia', 'IDN', 360),
('IE', 'IRELAND', 'Ireland', 'IRL', 372),
('IL', 'ISRAEL', 'Israel', 'ISR', 376),
('IN', 'INDIA', 'India', 'IND', 356),
('IO', 'BRITISH INDIAN OCEAN TERRITORY', 'British Indian Ocean Territory', NULL, NULL),
('IQ', 'IRAQ', 'Iraq', 'IRQ', 368),
('IR', 'IRAN, ISLAMIC REPUBLIC OF', 'Iran, Islamic Republic of', 'IRN', 364),
('IS', 'ICELAND', 'Iceland', 'ISL', 352),
('IT', 'ITALY', 'Italy', 'ITA', 380),
('JM', 'JAMAICA', 'Jamaica', 'JAM', 388),
('JO', 'JORDAN', 'Jordan', 'JOR', 400),
('JP', 'JAPAN', 'Japan', 'JPN', 392),
('KE', 'KENYA', 'Kenya', 'KEN', 404),
('KG', 'KYRGYZSTAN', 'Kyrgyzstan', 'KGZ', 417),
('KH', 'CAMBODIA', 'Cambodia', 'KHM', 116),
('KI', 'KIRIBATI', 'Kiribati', 'KIR', 296),
('KM', 'COMOROS', 'Comoros', 'COM', 174),
('KN', 'SAINT KITTS AND NEVIS', 'Saint Kitts and Nevis', 'KNA', 659),
('KP', 'KOREA, DEMOCRATIC PEOPLE''S REPUBLIC OF', 'Korea, Democratic People''s Republic of', 'PRK', 408),
('KR', 'KOREA, REPUBLIC OF', 'Korea, Republic of', 'KOR', 410),
('KW', 'KUWAIT', 'Kuwait', 'KWT', 414),
('KY', 'CAYMAN ISLANDS', 'Cayman Islands', 'CYM', 136),
('KZ', 'KAZAKHSTAN', 'Kazakhstan', 'KAZ', 398),
('LA', 'LAO PEOPLE''S DEMOCRATIC REPUBLIC', 'Lao People''s Democratic Republic', 'LAO', 418),
('LB', 'LEBANON', 'Lebanon', 'LBN', 422),
('LC', 'SAINT LUCIA', 'Saint Lucia', 'LCA', 662),
('LI', 'LIECHTENSTEIN', 'Liechtenstein', 'LIE', 438),
('LK', 'SRI LANKA', 'Sri Lanka', 'LKA', 144),
('LR', 'LIBERIA', 'Liberia', 'LBR', 430),
('LS', 'LESOTHO', 'Lesotho', 'LSO', 426),
('LT', 'LITHUANIA', 'Lithuania', 'LTU', 440),
('LU', 'LUXEMBOURG', 'Luxembourg', 'LUX', 442),
('LV', 'LATVIA', 'Latvia', 'LVA', 428),
('LY', 'LIBYAN ARAB JAMAHIRIYA', 'Libyan Arab Jamahiriya', 'LBY', 434),
('MA', 'MOROCCO', 'Morocco', 'MAR', 504),
('MC', 'MONACO', 'Monaco', 'MCO', 492),
('MD', 'MOLDOVA, REPUBLIC OF', 'Moldova, Republic of', 'MDA', 498),
('MG', 'MADAGASCAR', 'Madagascar', 'MDG', 450),
('MH', 'MARSHALL ISLANDS', 'Marshall Islands', 'MHL', 584),
('MK', 'MACEDONIA, THE FORMER YUGOSLAV REPUBLIC OF', 'Macedonia, the Former Yugoslav Republic of', 'MKD', 807),
('ML', 'MALI', 'Mali', 'MLI', 466),
('MM', 'MYANMAR', 'Myanmar', 'MMR', 104),
('MN', 'MONGOLIA', 'Mongolia', 'MNG', 496),
('MO', 'MACAO', 'Macao', 'MAC', 446),
('MP', 'NORTHERN MARIANA ISLANDS', 'Northern Mariana Islands', 'MNP', 580),
('MQ', 'MARTINIQUE', 'Martinique', 'MTQ', 474),
('MR', 'MAURITANIA', 'Mauritania', 'MRT', 478),
('MS', 'MONTSERRAT', 'Montserrat', 'MSR', 500),
('MT', 'MALTA', 'Malta', 'MLT', 470),
('MU', 'MAURITIUS', 'Mauritius', 'MUS', 480),
('MV', 'MALDIVES', 'Maldives', 'MDV', 462),
('MW', 'MALAWI', 'Malawi', 'MWI', 454),
('MX', 'MEXICO', 'Mexico', 'MEX', 484),
('MY', 'MALAYSIA', 'Malaysia', 'MYS', 458),
('MZ', 'MOZAMBIQUE', 'Mozambique', 'MOZ', 508),
('NA', 'NAMIBIA', 'Namibia', 'NAM', 516),
('NC', 'NEW CALEDONIA', 'New Caledonia', 'NCL', 540),
('NE', 'NIGER', 'Niger', 'NER', 562),
('NF', 'NORFOLK ISLAND', 'Norfolk Island', 'NFK', 574),
('NG', 'NIGERIA', 'Nigeria', 'NGA', 566),
('NI', 'NICARAGUA', 'Nicaragua', 'NIC', 558),
('NL', 'NETHERLANDS', 'Netherlands', 'NLD', 528),
('NO', 'NORWAY', 'Norway', 'NOR', 578),
('NP', 'NEPAL', 'Nepal', 'NPL', 524),
('NR', 'NAURU', 'Nauru', 'NRU', 520),
('NU', 'NIUE', 'Niue', 'NIU', 570),
('NZ', 'NEW ZEALAND', 'New Zealand', 'NZL', 554),
('OM', 'OMAN', 'Oman', 'OMN', 512),
('PA', 'PANAMA', 'Panama', 'PAN', 591),
('PE', 'PERU', 'Peru', 'PER', 604),
('PF', 'FRENCH POLYNESIA', 'French Polynesia', 'PYF', 258),
('PG', 'PAPUA NEW GUINEA', 'Papua New Guinea', 'PNG', 598),
('PH', 'PHILIPPINES', 'Philippines', 'PHL', 608),
('PK', 'PAKISTAN', 'Pakistan', 'PAK', 586),
('PL', 'POLAND', 'Poland', 'POL', 616),
('PM', 'SAINT PIERRE AND MIQUELON', 'Saint Pierre and Miquelon', 'SPM', 666),
('PN', 'PITCAIRN', 'Pitcairn', 'PCN', 612),
('PR', 'PUERTO RICO', 'Puerto Rico', 'PRI', 630),
('PS', 'PALESTINIAN TERRITORY, OCCUPIED', 'Palestinian Territory, Occupied', NULL, NULL),
('PT', 'PORTUGAL', 'Portugal', 'PRT', 620),
('PW', 'PALAU', 'Palau', 'PLW', 585),
('PY', 'PARAGUAY', 'Paraguay', 'PRY', 600),
('QA', 'QATAR', 'Qatar', 'QAT', 634),
('RE', 'REUNION', 'Reunion', 'REU', 638),
('RO', 'ROMANIA', 'Romania', 'ROM', 642),
('RU', 'RUSSIAN FEDERATION', 'Russian Federation', 'RUS', 643),
('RW', 'RWANDA', 'Rwanda', 'RWA', 646),
('SA', 'SAUDI ARABIA', 'Saudi Arabia', 'SAU', 682),
('SB', 'SOLOMON ISLANDS', 'Solomon Islands', 'SLB', 90),
('SC', 'SEYCHELLES', 'Seychelles', 'SYC', 690),
('SD', 'SUDAN', 'Sudan', 'SDN', 736),
('SE', 'SWEDEN', 'Sweden', 'SWE', 752),
('SG', 'SINGAPORE', 'Singapore', 'SGP', 702),
('SH', 'SAINT HELENA', 'Saint Helena', 'SHN', 654),
('SI', 'SLOVENIA', 'Slovenia', 'SVN', 705),
('SJ', 'SVALBARD AND JAN MAYEN', 'Svalbard and Jan Mayen', 'SJM', 744),
('SK', 'SLOVAKIA', 'Slovakia', 'SVK', 703),
('SL', 'SIERRA LEONE', 'Sierra Leone', 'SLE', 694),
('SM', 'SAN MARINO', 'San Marino', 'SMR', 674),
('SN', 'SENEGAL', 'Senegal', 'SEN', 686),
('SO', 'SOMALIA', 'Somalia', 'SOM', 706),
('SR', 'SURINAME', 'Suriname', 'SUR', 740),
('ST', 'SAO TOME AND PRINCIPE', 'Sao Tome and Principe', 'STP', 678),
('SV', 'EL SALVADOR', 'El Salvador', 'SLV', 222),
('SY', 'SYRIAN ARAB REPUBLIC', 'Syrian Arab Republic', 'SYR', 760),
('SZ', 'SWAZILAND', 'Swaziland', 'SWZ', 748),
('TC', 'TURKS AND CAICOS ISLANDS', 'Turks and Caicos Islands', 'TCA', 796),
('TD', 'CHAD', 'Chad', 'TCD', 148),
('TF', 'FRENCH SOUTHERN TERRITORIES', 'French Southern Territories', NULL, NULL),
('TG', 'TOGO', 'Togo', 'TGO', 768),
('TH', 'THAILAND', 'Thailand', 'THA', 764),
('TJ', 'TAJIKISTAN', 'Tajikistan', 'TJK', 762),
('TK', 'TOKELAU', 'Tokelau', 'TKL', 772),
('TL', 'TIMOR-LESTE', 'Timor-Leste', NULL, NULL),
('TM', 'TURKMENISTAN', 'Turkmenistan', 'TKM', 795),
('TN', 'TUNISIA', 'Tunisia', 'TUN', 788),
('TO', 'TONGA', 'Tonga', 'TON', 776),
('TR', 'TURKEY', 'Turkey', 'TUR', 792),
('TT', 'TRINIDAD AND TOBAGO', 'Trinidad and Tobago', 'TTO', 780),
('TV', 'TUVALU', 'Tuvalu', 'TUV', 798),
('TW', 'TAIWAN, PROVINCE OF CHINA', 'Taiwan, Province of China', 'TWN', 158),
('TZ', 'TANZANIA, UNITED REPUBLIC OF', 'Tanzania, United Republic of', 'TZA', 834),
('UA', 'UKRAINE', 'Ukraine', 'UKR', 804),
('UG', 'UGANDA', 'Uganda', 'UGA', 800),
('UM', 'UNITED STATES MINOR OUTLYING ISLANDS', 'United States Minor Outlying Islands', NULL, NULL),
('US', 'UNITED STATES', 'United States', 'USA', 840),
('UY', 'URUGUAY', 'Uruguay', 'URY', 858),
('UZ', 'UZBEKISTAN', 'Uzbekistan', 'UZB', 860),
('VA', 'HOLY SEE (VATICAN CITY STATE)', 'Holy See (Vatican City State)', 'VAT', 336),
('VC', 'SAINT VINCENT AND THE GRENADINES', 'Saint Vincent and the Grenadines', 'VCT', 670),
('VE', 'VENEZUELA', 'Venezuela', 'VEN', 862),
('VG', 'VIRGIN ISLANDS, BRITISH', 'Virgin Islands, British', 'VGB', 92),
('VI', 'VIRGIN ISLANDS, U.S.', 'Virgin Islands, U.s.', 'VIR', 850),
('VN', 'VIET NAM', 'Viet Nam', 'VNM', 704),
('VU', 'VANUATU', 'Vanuatu', 'VUT', 548),
('WF', 'WALLIS AND FUTUNA', 'Wallis and Futuna', 'WLF', 876),
('WS', 'SAMOA', 'Samoa', 'WSM', 882),
('YE', 'YEMEN', 'Yemen', 'YEM', 887),
('YT', 'MAYOTTE', 'Mayotte', NULL, NULL),
('ZA', 'SOUTH AFRICA', 'South Africa', 'ZAF', 710),
('ZM', 'ZAMBIA', 'Zambia', 'ZMB', 894),
('ZW', 'ZIMBABWE', 'Zimbabwe', 'ZWE', 716);

-- --------------------------------------------------------

--
-- Table structure for table `bf_email_queue`
--

CREATE TABLE `bf_email_queue` (
  `id` int(11) NOT NULL,
  `to_email` varchar(254) NOT NULL,
  `subject` varchar(255) NOT NULL,
  `message` text NOT NULL,
  `alt_message` text,
  `max_attempts` int(11) NOT NULL DEFAULT '3',
  `attempts` int(11) NOT NULL DEFAULT '0',
  `success` tinyint(1) NOT NULL DEFAULT '0',
  `date_published` datetime DEFAULT NULL,
  `last_attempt` datetime DEFAULT NULL,
  `date_sent` datetime DEFAULT NULL,
  `csv_attachment` text
) ENGINE=InnoDB DEFAULT CHARSET=utf8;

-- --------------------------------------------------------

--
-- Table structure for table `bf_login_attempts`
--

CREATE TABLE `bf_login_attempts` (
  `id` bigint(20) NOT NULL,
  `ip_address` varchar(45) NOT NULL,
  `login` varchar(255) NOT NULL,
  `time` timestamp NOT NULL DEFAULT CURRENT_TIMESTAMP
) ENGINE=InnoDB DEFAULT CHARSET=utf8;

-- --------------------------------------------------------

--
-- Table structure for table `bf_manage_attributes`
--

CREATE TABLE `bf_manage_attributes` (
  `id` int(11) NOT NULL,
  `name` varchar(50) NOT NULL,
  `title` varchar(50) DEFAULT NULL,
  `position` smallint(1) DEFAULT NULL,
  `meta_title` varchar(100) DEFAULT NULL,
  `meta_desc` text,
  `status` char(10) DEFAULT NULL,
  `deleted` tinyint(1) NOT NULL DEFAULT '0',
  `created_on` datetime NOT NULL DEFAULT '0000-00-00 00:00:00',
  `modified_on` datetime NOT NULL DEFAULT '0000-00-00 00:00:00'
) ENGINE=InnoDB DEFAULT CHARSET=utf8;

--
-- Dumping data for table `bf_manage_attributes`
--

INSERT INTO `bf_manage_attributes` (`id`, `name`, `title`, `position`, `meta_title`, `meta_desc`, `status`, `deleted`, `created_on`, `modified_on`) VALUES
(1, 'Variety', 'variety', 1, 'variety', 'variety', 'active', 0, '2018-05-13 20:05:22', '0000-00-00 00:00:00'),
(2, 'Colour', 'colour', 2, 'colour', 'colour', 'active', 0, '2018-05-13 20:06:39', '0000-00-00 00:00:00');

-- --------------------------------------------------------

--
-- Table structure for table `bf_manage_attribute_value`
--

CREATE TABLE `bf_manage_attribute_value` (
  `id` int(11) NOT NULL,
  `attribute_id` int(10) NOT NULL,
  `name` varchar(50) NOT NULL,
  `title` varchar(50) DEFAULT NULL,
  `attr_desc` text,
  `meta_tag` varchar(50) DEFAULT NULL,
  `meta_title` varchar(100) DEFAULT NULL,
  `meta_desc` text,
  `display_on_front` char(5) DEFAULT NULL,
  `status` char(10) DEFAULT NULL,
  `deleted` tinyint(1) NOT NULL DEFAULT '0',
  `created_on` datetime NOT NULL DEFAULT '0000-00-00 00:00:00',
  `modified_on` datetime NOT NULL DEFAULT '0000-00-00 00:00:00'
) ENGINE=InnoDB DEFAULT CHARSET=utf8;

--
-- Dumping data for table `bf_manage_attribute_value`
--

INSERT INTO `bf_manage_attribute_value` (`id`, `attribute_id`, `name`, `title`, `attr_desc`, `meta_tag`, `meta_title`, `meta_desc`, `display_on_front`, `status`, `deleted`, `created_on`, `modified_on`) VALUES
(1, 1, 'Rose', 'rose', 'rose', 'rose', 'rose', 'rose', '1', 'active', 0, '2018-05-13 20:12:12', '2018-05-14 10:22:15'),
(2, 2, 'blue', 'blue', 'blue', 'blue', 'blue', 'blue', '1', 'active', 0, '2018-05-14 10:20:10', '2018-05-14 10:23:34'),
(3, 2, 'Green', 'green', 'green', 'green', 'green', 'green', 'yes', 'active', 1, '2018-05-14 10:22:59', '0000-00-00 00:00:00');

-- --------------------------------------------------------

--
-- Table structure for table `bf_manage_banner`
--

CREATE TABLE `bf_manage_banner` (
  `id` int(11) NOT NULL,
  `banner` text,
  `url` varchar(255) DEFAULT NULL,
  `display_order` int(11) DEFAULT NULL,
  `name` varchar(255) NOT NULL,
  `description` text,
  `alt_tag` varchar(100) DEFAULT NULL,
  `redirect_type` char(10) DEFAULT NULL,
  `status` char(10) DEFAULT NULL,
  `deleted` tinyint(1) NOT NULL DEFAULT '0',
  `created_on` datetime NOT NULL DEFAULT '0000-00-00 00:00:00',
  `modified_on` datetime NOT NULL DEFAULT '0000-00-00 00:00:00'
) ENGINE=InnoDB DEFAULT CHARSET=utf8;

--
-- Dumping data for table `bf_manage_banner`
--

INSERT INTO `bf_manage_banner` (`id`, `banner`, `url`, `display_order`, `name`, `description`, `alt_tag`, `redirect_type`, `status`, `deleted`, `created_on`, `modified_on`) VALUES
(1, '', 'products.php', 3, 'Mother''s day', 'Happy mother''s day', 'Happy mother''s day', 'self', 'active', 0, '2018-05-13 19:55:09', '2018-05-13 19:58:02');

-- --------------------------------------------------------

--
-- Table structure for table `bf_manage_category`
--

CREATE TABLE `bf_manage_category` (
  `id` int(11) NOT NULL,
  `name` varchar(255) NOT NULL,
  `title` varchar(255) NOT NULL,
  `description` text,
  `attribute_id` int(10) DEFAULT NULL,
  `coupon_id` int(10) DEFAULT NULL,
  `meta_tag` varchar(255) DEFAULT NULL,
  `meta_title` varchar(255) DEFAULT NULL,
  `meta_desc` text,
  `status` char(10) DEFAULT NULL,
  `deleted` tinyint(1) NOT NULL DEFAULT '0',
  `deleted_by` bigint(20) DEFAULT NULL,
  `created_on` datetime NOT NULL DEFAULT '0000-00-00 00:00:00',
  `created_by` bigint(20) NOT NULL,
  `modified_on` datetime NOT NULL DEFAULT '0000-00-00 00:00:00',
  `modified_by` bigint(20) DEFAULT NULL
) ENGINE=InnoDB DEFAULT CHARSET=utf8;

--
-- Dumping data for table `bf_manage_category`
--

INSERT INTO `bf_manage_category` (`id`, `name`, `title`, `description`, `attribute_id`, `coupon_id`, `meta_tag`, `meta_title`, `meta_desc`, `status`, `deleted`, `deleted_by`, `created_on`, `created_by`, `modified_on`, `modified_by`) VALUES
(1, 'Flower', 'flower', 'flower', 1, 1, 'flower', 'flower', 'flower', 'active', 1, 1, '2018-05-14 13:23:55', 1, '0000-00-00 00:00:00', NULL);

-- --------------------------------------------------------

--
-- Table structure for table `bf_manage_city`
--

CREATE TABLE `bf_manage_city` (
  `id` int(11) NOT NULL,
  `city_name` varchar(255) NOT NULL,
  `country_code` int(1) NOT NULL,
  `city_details` text,
  `meta_title` varchar(255) DEFAULT NULL,
  `meta_desc` text,
  `status` char(10) DEFAULT NULL,
  `deleted` tinyint(1) NOT NULL DEFAULT '0',
  `created_on` datetime NOT NULL DEFAULT '0000-00-00 00:00:00',
  `modified_on` datetime NOT NULL DEFAULT '0000-00-00 00:00:00'
) ENGINE=InnoDB DEFAULT CHARSET=utf8;

--
-- Dumping data for table `bf_manage_city`
--

INSERT INTO `bf_manage_city` (`id`, `city_name`, `country_code`, `city_details`, `meta_title`, `meta_desc`, `status`, `deleted`, `created_on`, `modified_on`) VALUES
(1, 'New Delhi', 1, 'New Delhi', 'New Delhi', 'New Delhi', 'active', 0, '2018-05-13 18:30:50', '2018-05-13 19:11:11'),
(3, 'Gurgram', 2, 'Gurgram', 'Gurgram', 'Gurgram', 'active', 0, '2018-05-13 19:04:47', '2018-05-13 19:19:09');

-- --------------------------------------------------------

--
-- Table structure for table `bf_manage_country`
--

CREATE TABLE `bf_manage_country` (
  `id` int(11) NOT NULL,
  `country_name` varchar(20) NOT NULL,
  `country_code` char(10) DEFAULT NULL,
  `status` char(10) DEFAULT NULL,
  `created_on` datetime NOT NULL DEFAULT '0000-00-00 00:00:00',
  `modified_on` datetime NOT NULL DEFAULT '0000-00-00 00:00:00'
) ENGINE=InnoDB DEFAULT CHARSET=utf8;

--
-- Dumping data for table `bf_manage_country`
--

INSERT INTO `bf_manage_country` (`id`, `country_name`, `country_code`, `status`, `created_on`, `modified_on`) VALUES
(1, 'India', 'IND', 'active', '2018-05-13 18:27:22', '0000-00-00 00:00:00'),
(2, 'USA', 'USA', 'active', '2018-05-13 18:57:01', '0000-00-00 00:00:00');

-- --------------------------------------------------------

--
-- Table structure for table `bf_manage_coupon`
--

CREATE TABLE `bf_manage_coupon` (
  `id` int(11) NOT NULL,
  `name` varchar(255) NOT NULL,
  `code` char(25) NOT NULL,
  `description` text,
  `type` char(20) NOT NULL,
  `discount` char(20) NOT NULL,
  `start_date` datetime NOT NULL DEFAULT '0000-00-00 00:00:00',
  `end_date` datetime NOT NULL DEFAULT '0000-00-00 00:00:00',
  `max_limit` int(10) NOT NULL,
  `status` char(10) DEFAULT NULL,
  `created_on` datetime NOT NULL DEFAULT '0000-00-00 00:00:00',
  `created_by` bigint(20) NOT NULL,
  `modified_on` datetime NOT NULL DEFAULT '0000-00-00 00:00:00',
  `modified_by` bigint(20) DEFAULT NULL
) ENGINE=InnoDB DEFAULT CHARSET=utf8;

--
-- Dumping data for table `bf_manage_coupon`
--

INSERT INTO `bf_manage_coupon` (`id`, `name`, `code`, `description`, `type`, `discount`, `start_date`, `end_date`, `max_limit`, `status`, `created_on`, `created_by`, `modified_on`, `modified_by`) VALUES
(1, 'Mother''s day coupon', 'MOTHER10', 'Mother&#039;s day coupon', 'flat', '30', '2018-05-14 03:08:07', '2018-05-24 03:08:07', 80, 'active', '2018-05-14 11:41:05', 1, '2018-05-14 11:41:24', 1),
(2, 'New year', 'NEWYEAR10', 'New year offer', 'percentage', '10', '2018-05-14 03:08:07', '2018-05-24 03:08:07', 1000, 'active', '2018-05-14 13:15:22', 1, '0000-00-00 00:00:00', NULL),
(3, 'None', 'None', 'Node', 'flat', '0', '2018-05-14 03:08:07', '2019-05-24 03:08:07', 1000000, 'active', '2018-05-14 13:22:49', 1, '0000-00-00 00:00:00', NULL);

-- --------------------------------------------------------

--
-- Table structure for table `bf_manage_page`
--

CREATE TABLE `bf_manage_page` (
  `id` int(11) NOT NULL,
  `page_title` varchar(255) NOT NULL,
  `page_name` varchar(255) NOT NULL,
  `content` text,
  `url` varchar(100) DEFAULT NULL,
  `meta_tag` varchar(255) DEFAULT NULL,
  `meta_desc` varchar(255) DEFAULT NULL,
  `status` char(10) DEFAULT NULL,
  `deleted` tinyint(1) NOT NULL DEFAULT '0',
  `deleted_by` bigint(20) DEFAULT NULL,
  `created_on` datetime NOT NULL DEFAULT '0000-00-00 00:00:00',
  `created_by` bigint(20) NOT NULL,
  `modified_on` datetime NOT NULL DEFAULT '0000-00-00 00:00:00',
  `modified_by` bigint(20) DEFAULT NULL
) ENGINE=InnoDB DEFAULT CHARSET=utf8;

--
-- Dumping data for table `bf_manage_page`
--

INSERT INTO `bf_manage_page` (`id`, `page_title`, `page_name`, `content`, `url`, `meta_tag`, `meta_desc`, `status`, `deleted`, `deleted_by`, `created_on`, `created_by`, `modified_on`, `modified_by`) VALUES
(1, 'About_Us', 'About Us', 'Hello ,This is About Us Page', 'about-us.php', 'about us', 'about us', 'active', 0, NULL, '2018-05-06 10:29:38', 1, '2018-05-13 18:23:38', 1);

-- --------------------------------------------------------

--
-- Table structure for table `bf_manage_products`
--

CREATE TABLE `bf_manage_products` (
  `id` int(11) NOT NULL,
  `image` varchar(255) NOT NULL,
  `name` varchar(255) NOT NULL,
  `title` varchar(255) NOT NULL,
  `description` text NOT NULL,
  `sku` varchar(255) NOT NULL,
  `price` float NOT NULL,
  `is_eggless` smallint(5) DEFAULT NULL,
  `eggless_price` float DEFAULT '0',
  `is_reusable` smallint(5) DEFAULT NULL,
  `alt_tag` varchar(255) DEFAULT NULL,
  `meta_tag` varchar(255) DEFAULT NULL,
  `meta_title` varchar(255) DEFAULT NULL,
  `meta_desc` text,
  `status` char(10) DEFAULT NULL,
  `deleted` tinyint(1) NOT NULL DEFAULT '0',
  `deleted_by` bigint(20) DEFAULT NULL,
  `created_on` datetime NOT NULL DEFAULT '0000-00-00 00:00:00',
  `created_by` bigint(20) NOT NULL,
  `modified_on` datetime NOT NULL DEFAULT '0000-00-00 00:00:00',
  `modified_by` bigint(20) DEFAULT NULL
) ENGINE=InnoDB DEFAULT CHARSET=utf8;

--
-- Dumping data for table `bf_manage_products`
--

INSERT INTO `bf_manage_products` (`id`, `image`, `name`, `title`, `description`, `sku`, `price`, `is_eggless`, `eggless_price`, `is_reusable`, `alt_tag`, `meta_tag`, `meta_title`, `meta_desc`, `status`, `deleted`, `deleted_by`, `created_on`, `created_by`, `modified_on`, `modified_by`) VALUES
(1, 'sample.jpg', 'Red Roses Bicycle', 'red-roses-bicycle', 'Red Roses Bicycle', 'REDROS491', 599, 1, 25, 1, 'Red Roses Bicycle', 'Red Roses Bicycle', 'Red Roses Bicycle', 'Red Roses Bicycle', 'active', 0, NULL, '2018-05-14 14:49:56', 1, '2018-05-14 14:52:52', 1);

-- --------------------------------------------------------

--
-- Table structure for table `bf_permissions`
--

CREATE TABLE `bf_permissions` (
  `permission_id` int(11) NOT NULL,
  `name` varchar(255) NOT NULL,
  `description` varchar(100) NOT NULL,
  `status` enum('active','inactive','deleted') NOT NULL DEFAULT 'active'
) ENGINE=InnoDB DEFAULT CHARSET=utf8;

--
-- Dumping data for table `bf_permissions`
--

INSERT INTO `bf_permissions` (`permission_id`, `name`, `description`, `status`) VALUES
(2, 'Site.Content.View', 'Allow users to view the Content Context', 'active'),
(3, 'Site.Reports.View', 'Allow users to view the Reports Context', 'active'),
(4, 'Site.Settings.View', 'Allow users to view the Settings Context', 'active'),
(5, 'Site.Developer.View', 'Allow users to view the Developer Context', 'active'),
(6, 'Bonfire.Roles.Manage', 'Allow users to manage the user Roles', 'active'),
(7, 'Bonfire.Users.Manage', 'Allow users to manage the site Users', 'active'),
(8, 'Bonfire.Users.View', 'Allow users access to the User Settings', 'active'),
(9, 'Bonfire.Users.Add', 'Allow users to add new Users', 'active'),
(10, 'Bonfire.Database.Manage', 'Allow users to manage the Database settings', 'active'),
(11, 'Bonfire.Emailer.Manage', 'Allow users to manage the Emailer settings', 'active'),
(12, 'Bonfire.Logs.View', 'Allow users access to the Log details', 'active'),
(13, 'Bonfire.Logs.Manage', 'Allow users to manage the Log files', 'active'),
(14, 'Bonfire.Emailer.View', 'Allow users access to the Emailer settings', 'active'),
(15, 'Site.Signin.Offline', 'Allow users to login to the site when the site is offline', 'active'),
(16, 'Bonfire.Permissions.View', 'Allow access to view the Permissions menu unders Settings Context', 'active'),
(17, 'Bonfire.Permissions.Manage', 'Allow access to manage the Permissions in the system', 'active'),
(18, 'Bonfire.Modules.Add', 'Allow creation of modules with the builder.', 'active'),
(19, 'Bonfire.Modules.Delete', 'Allow deletion of modules.', 'active'),
(20, 'Permissions.Administrator.Manage', 'To manage the access control permissions for the Administrator role.', 'active'),
(21, 'Permissions.Editor.Manage', 'To manage the access control permissions for the Editor role.', 'active'),
(23, 'Permissions.User.Manage', 'To manage the access control permissions for the User role.', 'active'),
(24, 'Permissions.Developer.Manage', 'To manage the access control permissions for the Developer role.', 'active'),
(26, 'Activities.Own.View', 'To view the users own activity logs', 'active'),
(27, 'Activities.Own.Delete', 'To delete the users own activity logs', 'active'),
(28, 'Activities.User.View', 'To view the user activity logs', 'active'),
(29, 'Activities.User.Delete', 'To delete the user activity logs, except own', 'active'),
(30, 'Activities.Module.View', 'To view the module activity logs', 'active'),
(31, 'Activities.Module.Delete', 'To delete the module activity logs', 'active'),
(32, 'Activities.Date.View', 'To view the users own activity logs', 'active'),
(33, 'Activities.Date.Delete', 'To delete the dated activity logs', 'active'),
(34, 'Bonfire.UI.Manage', 'Manage the Bonfire UI settings', 'active'),
(35, 'Bonfire.Settings.View', 'To view the site settings page.', 'active'),
(36, 'Bonfire.Settings.Manage', 'To manage the site settings.', 'active'),
(37, 'Bonfire.Activities.View', 'To view the Activities menu.', 'active'),
(38, 'Bonfire.Database.View', 'To view the Database menu.', 'active'),
(39, 'Bonfire.Migrations.View', 'To view the Migrations menu.', 'active'),
(40, 'Bonfire.Builder.View', 'To view the Modulebuilder menu.', 'active'),
(41, 'Bonfire.Roles.View', 'To view the Roles menu.', 'active'),
(42, 'Bonfire.Sysinfo.View', 'To view the System Information page.', 'active'),
(43, 'Bonfire.Translate.Manage', 'To manage the Language Translation.', 'active'),
(44, 'Bonfire.Translate.View', 'To view the Language Translate menu.', 'active'),
(45, 'Bonfire.UI.View', 'To view the UI/Keyboard Shortcut menu.', 'active'),
(48, 'Bonfire.Profiler.View', 'To view the Console Profiler Bar.', 'active'),
(49, 'Bonfire.Roles.Add', 'To add New Roles', 'active'),
(66, 'Manage_page.Content.View', 'View Manage_page Content', 'active'),
(67, 'Manage_page.Content.Create', 'Create Manage_page Content', 'active'),
(68, 'Manage_page.Content.Edit', 'Edit Manage_page Content', 'active'),
(69, 'Manage_page.Content.Delete', 'Delete Manage_page Content', 'active'),
(70, 'Manage_page.Content.View', 'View Manage_page Content', 'active'),
(71, 'Manage_page.Content.Create', 'Create Manage_page Content', 'active'),
(72, 'Manage_page.Content.Edit', 'Edit Manage_page Content', 'active'),
(73, 'Manage_page.Content.Delete', 'Delete Manage_page Content', 'active'),
(74, 'Manage_page.Content.View', 'View Manage_page Content', 'active'),
(75, 'Manage_page.Content.Create', 'Create Manage_page Content', 'active'),
(76, 'Manage_page.Content.Edit', 'Edit Manage_page Content', 'active'),
(77, 'Manage_page.Content.Delete', 'Delete Manage_page Content', 'active'),
(78, 'Manage_country.Content.View', 'View Manage_country Content', 'active'),
(79, 'Manage_country.Content.Create', 'Create Manage_country Content', 'active'),
(80, 'Manage_country.Content.Edit', 'Edit Manage_country Content', 'active'),
(81, 'Manage_country.Content.Delete', 'Delete Manage_country Content', 'active'),
(90, 'Manage_city.Content.View', 'View Manage_city Content', 'active'),
(91, 'Manage_city.Content.Create', 'Create Manage_city Content', 'active'),
(92, 'Manage_city.Content.Edit', 'Edit Manage_city Content', 'active'),
(93, 'Manage_city.Content.Delete', 'Delete Manage_city Content', 'active'),
(94, 'Manage_city.Content.View', 'View Manage_city Content', 'active'),
(95, 'Manage_city.Content.Create', 'Create Manage_city Content', 'active'),
(96, 'Manage_city.Content.Edit', 'Edit Manage_city Content', 'active'),
(97, 'Manage_city.Content.Delete', 'Delete Manage_city Content', 'active'),
(106, 'Manage_attributes.Products.View', 'View Manage_attributes Products', 'active'),
(107, 'Manage_attributes.Products.Create', 'Create Manage_attributes Products', 'active'),
(108, 'Manage_attributes.Products.Edit', 'Edit Manage_attributes Products', 'active'),
(109, 'Manage_attributes.Products.Delete', 'Delete Manage_attributes Products', 'active'),
(110, 'Manage_attribute_value.Products.View', 'View Manage_attribute_value Products', 'active'),
(111, 'Manage_attribute_value.Products.Create', 'Create Manage_attribute_value Products', 'active'),
(112, 'Manage_attribute_value.Products.Edit', 'Edit Manage_attribute_value Products', 'active'),
(113, 'Manage_attribute_value.Products.Delete', 'Delete Manage_attribute_value Products', 'active'),
(114, 'Additional_products.Products.View', 'View Additional_products Products', 'active'),
(115, 'Additional_products.Products.Create', 'Create Additional_products Products', 'active'),
(116, 'Additional_products.Products.Edit', 'Edit Additional_products Products', 'active'),
(117, 'Additional_products.Products.Delete', 'Delete Additional_products Products', 'active'),
(118, 'Manage_banner.Content.View', 'View Manage_banner Content', 'active'),
(119, 'Manage_banner.Content.Create', 'Create Manage_banner Content', 'active'),
(120, 'Manage_banner.Content.Edit', 'Edit Manage_banner Content', 'active'),
(121, 'Manage_banner.Content.Delete', 'Delete Manage_banner Content', 'active'),
(122, 'Manage_coupon.Content.View', 'View Manage_coupon Content', 'active'),
(123, 'Manage_coupon.Content.Create', 'Create Manage_coupon Content', 'active'),
(124, 'Manage_coupon.Content.Edit', 'Edit Manage_coupon Content', 'active'),
(125, 'Manage_coupon.Content.Delete', 'Delete Manage_coupon Content', 'active'),
(126, 'Manage_category.Products.View', 'View Manage_category Products', 'active'),
(127, 'Manage_category.Products.Create', 'Create Manage_category Products', 'active'),
(128, 'Manage_category.Products.Edit', 'Edit Manage_category Products', 'active'),
(129, 'Manage_category.Products.Delete', 'Delete Manage_category Products', 'active'),
(134, 'Manage_products.Products.View', 'View Manage_products Products', 'active'),
(135, 'Manage_products.Products.Create', 'Create Manage_products Products', 'active'),
(136, 'Manage_products.Products.Edit', 'Edit Manage_products Products', 'active'),
(137, 'Manage_products.Products.Delete', 'Delete Manage_products Products', 'active'),
(138, 'Manage_products.Products.View', 'View Manage_products Products', 'active'),
(139, 'Manage_products.Products.Create', 'Create Manage_products Products', 'active'),
(140, 'Manage_products.Products.Edit', 'Edit Manage_products Products', 'active'),
(141, 'Manage_products.Products.Delete', 'Delete Manage_products Products', 'active');

-- --------------------------------------------------------

--
-- Table structure for table `bf_roles`
--

CREATE TABLE `bf_roles` (
  `role_id` int(11) NOT NULL,
  `role_name` varchar(60) NOT NULL,
  `description` varchar(255) DEFAULT NULL,
  `default` tinyint(1) NOT NULL DEFAULT '0',
  `can_delete` tinyint(1) NOT NULL DEFAULT '1',
  `login_destination` varchar(255) NOT NULL DEFAULT '/',
  `default_context` varchar(255) DEFAULT 'content',
  `deleted` int(1) NOT NULL DEFAULT '0'
) ENGINE=InnoDB DEFAULT CHARSET=utf8;

--
-- Dumping data for table `bf_roles`
--

INSERT INTO `bf_roles` (`role_id`, `role_name`, `description`, `default`, `can_delete`, `login_destination`, `default_context`, `deleted`) VALUES
(1, 'Administrator', 'Has full control over every aspect of the site.', 0, 0, '', 'content', 0),
(2, 'Editor', 'Can handle day-to-day management, but does not have full power.', 0, 1, '', 'content', 0),
(4, 'User', 'This is the default user with access to login.', 1, 0, '', 'content', 0),
(6, 'Developer', 'Developers typically are the only ones that can access the developer tools. Otherwise identical to Administrators, at least until the site is handed off.', 0, 1, '', 'content', 0);

-- --------------------------------------------------------

--
-- Table structure for table `bf_role_permissions`
--

CREATE TABLE `bf_role_permissions` (
  `role_id` int(11) NOT NULL,
  `permission_id` int(11) NOT NULL
) ENGINE=InnoDB DEFAULT CHARSET=utf8;

--
-- Dumping data for table `bf_role_permissions`
--

INSERT INTO `bf_role_permissions` (`role_id`, `permission_id`) VALUES
(1, 2),
(1, 3),
(1, 4),
(1, 5),
(1, 6),
(1, 7),
(1, 8),
(1, 9),
(1, 10),
(1, 11),
(1, 12),
(1, 13),
(1, 14),
(1, 15),
(1, 16),
(1, 17),
(1, 18),
(1, 19),
(1, 20),
(1, 21),
(1, 23),
(1, 24),
(1, 26),
(1, 27),
(1, 28),
(1, 29),
(1, 30),
(1, 31),
(1, 32),
(1, 33),
(1, 34),
(1, 35),
(1, 36),
(1, 37),
(1, 38),
(1, 39),
(1, 40),
(1, 41),
(1, 42),
(1, 43),
(1, 44),
(1, 45),
(1, 48),
(1, 49),
(1, 66),
(1, 67),
(1, 68),
(1, 69),
(1, 70),
(1, 71),
(1, 72),
(1, 73),
(1, 74),
(1, 75),
(1, 76),
(1, 77),
(1, 78),
(1, 79),
(1, 80),
(1, 81),
(1, 90),
(1, 91),
(1, 92),
(1, 93),
(1, 94),
(1, 95),
(1, 96),
(1, 97),
(1, 106),
(1, 107),
(1, 108),
(1, 109),
(1, 110),
(1, 111),
(1, 112),
(1, 113),
(1, 114),
(1, 115),
(1, 116),
(1, 117),
(1, 118),
(1, 119),
(1, 120),
(1, 121),
(1, 122),
(1, 123),
(1, 124),
(1, 125),
(1, 126),
(1, 127),
(1, 128),
(1, 129),
(1, 134),
(1, 135),
(1, 136),
(1, 137),
(1, 138),
(1, 139),
(1, 140),
(1, 141),
(2, 2),
(2, 3),
(2, 66),
(2, 67),
(2, 68),
(2, 69),
(2, 70),
(2, 71),
(2, 72),
(2, 73),
(2, 74),
(2, 75),
(2, 76),
(2, 77),
(2, 78),
(2, 79),
(2, 80),
(2, 81),
(2, 90),
(2, 91),
(2, 92),
(2, 93),
(2, 94),
(2, 95),
(2, 96),
(2, 97),
(2, 106),
(2, 107),
(2, 108),
(2, 109),
(2, 110),
(2, 111),
(2, 112),
(2, 113),
(2, 114),
(2, 115),
(2, 116),
(2, 117),
(2, 118),
(2, 119),
(2, 120),
(2, 121),
(6, 2),
(6, 3),
(6, 4),
(6, 5),
(6, 6),
(6, 7),
(6, 8),
(6, 9),
(6, 10),
(6, 11),
(6, 12),
(6, 13),
(6, 48);

-- --------------------------------------------------------

--
-- Table structure for table `bf_schema_version`
--

CREATE TABLE `bf_schema_version` (
  `type` varchar(40) NOT NULL,
  `version` int(4) NOT NULL DEFAULT '0'
) ENGINE=InnoDB DEFAULT CHARSET=utf8;

--
-- Dumping data for table `bf_schema_version`
--

INSERT INTO `bf_schema_version` (`type`, `version`) VALUES
('additional_products_', 2),
('core', 43),
('manage_attributes_', 2),
('manage_attribute_value_', 2),
('manage_banner_', 2),
('manage_category_', 2),
('manage_city_', 2),
('manage_country_', 2),
('manage_coupon_', 2),
('manage_page_', 2),
('manage_products_', 2);

-- --------------------------------------------------------

--
-- Table structure for table `bf_sessions`
--

CREATE TABLE `bf_sessions` (
  `session_id` varchar(40) NOT NULL DEFAULT '0',
  `ip_address` varchar(45) NOT NULL DEFAULT '0',
  `user_agent` varchar(120) NOT NULL,
  `last_activity` int(10) UNSIGNED NOT NULL DEFAULT '0',
  `user_data` text NOT NULL
) ENGINE=InnoDB DEFAULT CHARSET=utf8;

-- --------------------------------------------------------

--
-- Table structure for table `bf_settings`
--

CREATE TABLE `bf_settings` (
  `name` varchar(30) NOT NULL,
  `module` varchar(255) NOT NULL,
  `value` varchar(255) NOT NULL
) ENGINE=InnoDB DEFAULT CHARSET=utf8;

--
-- Dumping data for table `bf_settings`
--

INSERT INTO `bf_settings` (`name`, `module`, `value`) VALUES
('auth.allow_name_change', 'core', '1'),
('auth.allow_register', 'core', '1'),
('auth.allow_remember', 'core', '1'),
('auth.do_login_redirect', 'core', '1'),
('auth.login_type', 'core', 'email'),
('auth.name_change_frequency', 'core', '1'),
('auth.name_change_limit', 'core', '1'),
('auth.password_force_mixed_case', 'core', '0'),
('auth.password_force_numbers', 'core', '0'),
('auth.password_force_symbols', 'core', '0'),
('auth.password_min_length', 'core', '8'),
('auth.password_show_labels', 'core', '0'),
('auth.remember_length', 'core', '1209600'),
('auth.user_activation_method', 'core', '0'),
('auth.use_extended_profile', 'core', '0'),
('auth.use_usernames', 'core', '1'),
('form_save', 'core.ui', 'ctrl+s/+s'),
('goto_content', 'core.ui', 'alt+c'),
('mailpath', 'email', '/usr/sbin/sendmail'),
('mailtype', 'email', 'text'),
('password_iterations', 'users', '8'),
('protocol', 'email', 'mail'),
('sender_email', 'email', ''),
('site.languages', 'core', 'a:3:{i:0;s:7:"english";i:1;s:10:"portuguese";i:2;s:7:"persian";}'),
('site.list_limit', 'core', '25'),
('site.show_front_profiler', 'core', '1'),
('site.show_profiler', 'core', '1'),
('site.status', 'core', '1'),
('site.system_email', 'core', 'admin@mybonfire.com'),
('site.title', 'core', 'My Bonfire'),
('smtp_host', 'email', ''),
('smtp_pass', 'email', ''),
('smtp_port', 'email', ''),
('smtp_timeout', 'email', ''),
('smtp_user', 'email', ''),
('updates.bleeding_edge', 'core', '1'),
('updates.do_check', 'core', '1');

-- --------------------------------------------------------

--
-- Table structure for table `bf_states`
--

CREATE TABLE `bf_states` (
  `id` int(11) NOT NULL,
  `name` char(40) NOT NULL,
  `abbrev` char(2) NOT NULL
) ENGINE=InnoDB DEFAULT CHARSET=utf8;

--
-- Dumping data for table `bf_states`
--

INSERT INTO `bf_states` (`id`, `name`, `abbrev`) VALUES
(1, 'Alaska', 'AK'),
(2, 'Alabama', 'AL'),
(3, 'American Samoa', 'AS'),
(4, 'Arizona', 'AZ'),
(5, 'Arkansas', 'AR'),
(6, 'California', 'CA'),
(7, 'Colorado', 'CO'),
(8, 'Connecticut', 'CT'),
(9, 'Delaware', 'DE'),
(10, 'District of Columbia', 'DC'),
(11, 'Florida', 'FL'),
(12, 'Georgia', 'GA'),
(13, 'Guam', 'GU'),
(14, 'Hawaii', 'HI'),
(15, 'Idaho', 'ID'),
(16, 'Illinois', 'IL'),
(17, 'Indiana', 'IN'),
(18, 'Iowa', 'IA'),
(19, 'Kansas', 'KS'),
(20, 'Kentucky', 'KY'),
(21, 'Louisiana', 'LA'),
(22, 'Maine', 'ME'),
(23, 'Marshall Islands', 'MH'),
(24, 'Maryland', 'MD'),
(25, 'Massachusetts', 'MA'),
(26, 'Michigan', 'MI'),
(27, 'Minnesota', 'MN'),
(28, 'Mississippi', 'MS'),
(29, 'Missouri', 'MO'),
(30, 'Montana', 'MT'),
(31, 'Nebraska', 'NE'),
(32, 'Nevada', 'NV'),
(33, 'New Hampshire', 'NH'),
(34, 'New Jersey', 'NJ'),
(35, 'New Mexico', 'NM'),
(36, 'New York', 'NY'),
(37, 'North Carolina', 'NC'),
(38, 'North Dakota', 'ND'),
(39, 'Northern Mariana Islands', 'MP'),
(40, 'Ohio', 'OH'),
(41, 'Oklahoma', 'OK'),
(42, 'Oregon', 'OR'),
(43, 'Palau', 'PW'),
(44, 'Pennsylvania', 'PA'),
(45, 'Puerto Rico', 'PR'),
(46, 'Rhode Island', 'RI'),
(47, 'South Carolina', 'SC'),
(48, 'South Dakota', 'SD'),
(49, 'Tennessee', 'TN'),
(50, 'Texas', 'TX'),
(51, 'Utah', 'UT'),
(52, 'Vermont', 'VT'),
(53, 'Virgin Islands', 'VI'),
(54, 'Virginia', 'VA'),
(55, 'Washington', 'WA'),
(56, 'West Virginia', 'WV'),
(57, 'Wisconsin', 'WI'),
(58, 'Wyoming', 'WY'),
(59, 'Armed Forces Africa', 'AE'),
(60, 'Armed Forces Canada', 'AE'),
(61, 'Armed Forces Europe', 'AE'),
(62, 'Armed Forces Middle East', 'AE'),
(63, 'Armed Forces Pacific', 'AP');

-- --------------------------------------------------------

--
-- Table structure for table `bf_users`
--

CREATE TABLE `bf_users` (
  `id` bigint(20) UNSIGNED NOT NULL,
  `role_id` int(11) NOT NULL DEFAULT '4',
  `email` varchar(254) NOT NULL,
  `username` varchar(30) NOT NULL DEFAULT '',
  `password_hash` char(60) DEFAULT NULL,
  `reset_hash` varchar(40) DEFAULT NULL,
  `last_login` datetime NOT NULL DEFAULT '0000-00-00 00:00:00',
  `last_ip` varchar(45) NOT NULL DEFAULT '',
  `created_on` datetime NOT NULL DEFAULT '0000-00-00 00:00:00',
  `deleted` tinyint(1) NOT NULL DEFAULT '0',
  `reset_by` int(10) DEFAULT NULL,
  `banned` tinyint(1) NOT NULL DEFAULT '0',
  `ban_message` varchar(255) DEFAULT NULL,
  `display_name` varchar(255) DEFAULT '',
  `display_name_changed` date DEFAULT NULL,
  `timezone` varchar(40) NOT NULL DEFAULT 'UM6',
  `language` varchar(20) NOT NULL DEFAULT 'english',
  `active` tinyint(1) NOT NULL DEFAULT '0',
  `activate_hash` varchar(40) NOT NULL DEFAULT '',
  `force_password_reset` tinyint(1) DEFAULT '0'
) ENGINE=InnoDB DEFAULT CHARSET=utf8;

--
-- Dumping data for table `bf_users`
--

INSERT INTO `bf_users` (`id`, `role_id`, `email`, `username`, `password_hash`, `reset_hash`, `last_login`, `last_ip`, `created_on`, `deleted`, `reset_by`, `banned`, `ban_message`, `display_name`, `display_name_changed`, `timezone`, `language`, `active`, `activate_hash`, `force_password_reset`) VALUES
(1, 1, 'swain.chandan2kumar@gmail.com', 'admin', '$2a$08$4Eyo2OhxeC7M3Kb9Ir86..zBnocMENX4dBsL2ZleLyEjm3u8CSkiu', NULL, '2018-05-14 09:49:00', '::1', '2018-05-06 08:46:12', 0, NULL, 0, NULL, 'admin', NULL, 'UM6', 'english', 1, '', 0),
(2, 2, 'bharat.kataria@gmail.com', 'bharat', '$2a$08$.thEdsC65P3WCDHBss7E1u1GnheXIbOCoQvTFUSoYzYpBYWR1TILy', NULL, '2018-05-07 21:57:01', '::1', '2018-05-06 10:00:17', 0, NULL, 0, NULL, 'Bharat', NULL, 'UM8', 'english', 1, '', 0);

-- --------------------------------------------------------

--
-- Table structure for table `bf_user_cookies`
--

CREATE TABLE `bf_user_cookies` (
  `user_id` bigint(20) UNSIGNED NOT NULL,
  `token` varchar(128) NOT NULL,
  `created_on` datetime NOT NULL
) ENGINE=InnoDB DEFAULT CHARSET=utf8;

-- --------------------------------------------------------

--
-- Table structure for table `bf_user_meta`
--

CREATE TABLE `bf_user_meta` (
  `meta_id` int(20) UNSIGNED NOT NULL,
  `user_id` bigint(20) UNSIGNED NOT NULL DEFAULT '0',
  `meta_key` varchar(255) NOT NULL DEFAULT '',
  `meta_value` text
) ENGINE=InnoDB DEFAULT CHARSET=utf8;

--
-- Dumping data for table `bf_user_meta`
--

INSERT INTO `bf_user_meta` (`meta_id`, `user_id`, `meta_key`, `meta_value`) VALUES
(1, 2, 'state', 'GA'),
(2, 2, 'country', 'US');

--
-- Indexes for dumped tables
--

--
-- Indexes for table `bf_activities`
--
ALTER TABLE `bf_activities`
  ADD PRIMARY KEY (`activity_id`);

--
-- Indexes for table `bf_additional_products`
--
ALTER TABLE `bf_additional_products`
  ADD PRIMARY KEY (`id`);

--
-- Indexes for table `bf_ci3_sessions`
--
ALTER TABLE `bf_ci3_sessions`
  ADD PRIMARY KEY (`id`);

--
-- Indexes for table `bf_countries`
--
ALTER TABLE `bf_countries`
  ADD PRIMARY KEY (`iso`);

--
-- Indexes for table `bf_email_queue`
--
ALTER TABLE `bf_email_queue`
  ADD PRIMARY KEY (`id`);

--
-- Indexes for table `bf_login_attempts`
--
ALTER TABLE `bf_login_attempts`
  ADD PRIMARY KEY (`id`);

--
-- Indexes for table `bf_manage_attributes`
--
ALTER TABLE `bf_manage_attributes`
  ADD PRIMARY KEY (`id`);

--
-- Indexes for table `bf_manage_attribute_value`
--
ALTER TABLE `bf_manage_attribute_value`
  ADD PRIMARY KEY (`id`);

--
-- Indexes for table `bf_manage_banner`
--
ALTER TABLE `bf_manage_banner`
  ADD PRIMARY KEY (`id`);

--
-- Indexes for table `bf_manage_category`
--
ALTER TABLE `bf_manage_category`
  ADD PRIMARY KEY (`id`);

--
-- Indexes for table `bf_manage_city`
--
ALTER TABLE `bf_manage_city`
  ADD PRIMARY KEY (`id`);

--
-- Indexes for table `bf_manage_country`
--
ALTER TABLE `bf_manage_country`
  ADD PRIMARY KEY (`id`);

--
-- Indexes for table `bf_manage_coupon`
--
ALTER TABLE `bf_manage_coupon`
  ADD PRIMARY KEY (`id`);

--
-- Indexes for table `bf_manage_page`
--
ALTER TABLE `bf_manage_page`
  ADD PRIMARY KEY (`id`);

--
-- Indexes for table `bf_manage_products`
--
ALTER TABLE `bf_manage_products`
  ADD PRIMARY KEY (`id`);

--
-- Indexes for table `bf_permissions`
--
ALTER TABLE `bf_permissions`
  ADD PRIMARY KEY (`permission_id`);

--
-- Indexes for table `bf_roles`
--
ALTER TABLE `bf_roles`
  ADD PRIMARY KEY (`role_id`);

--
-- Indexes for table `bf_role_permissions`
--
ALTER TABLE `bf_role_permissions`
  ADD PRIMARY KEY (`role_id`,`permission_id`);

--
-- Indexes for table `bf_schema_version`
--
ALTER TABLE `bf_schema_version`
  ADD PRIMARY KEY (`type`);

--
-- Indexes for table `bf_sessions`
--
ALTER TABLE `bf_sessions`
  ADD PRIMARY KEY (`session_id`);

--
-- Indexes for table `bf_settings`
--
ALTER TABLE `bf_settings`
  ADD PRIMARY KEY (`name`);

--
-- Indexes for table `bf_states`
--
ALTER TABLE `bf_states`
  ADD PRIMARY KEY (`id`);

--
-- Indexes for table `bf_users`
--
ALTER TABLE `bf_users`
  ADD PRIMARY KEY (`id`),
  ADD KEY `email` (`email`);

--
-- Indexes for table `bf_user_cookies`
--
ALTER TABLE `bf_user_cookies`
  ADD KEY `token` (`token`);

--
-- Indexes for table `bf_user_meta`
--
ALTER TABLE `bf_user_meta`
  ADD PRIMARY KEY (`meta_id`);

--
-- AUTO_INCREMENT for dumped tables
--

--
-- AUTO_INCREMENT for table `bf_activities`
--
ALTER TABLE `bf_activities`
  MODIFY `activity_id` bigint(20) NOT NULL AUTO_INCREMENT, AUTO_INCREMENT=76;
--
-- AUTO_INCREMENT for table `bf_additional_products`
--
ALTER TABLE `bf_additional_products`
  MODIFY `id` int(11) NOT NULL AUTO_INCREMENT, AUTO_INCREMENT=2;
--
-- AUTO_INCREMENT for table `bf_email_queue`
--
ALTER TABLE `bf_email_queue`
  MODIFY `id` int(11) NOT NULL AUTO_INCREMENT;
--
-- AUTO_INCREMENT for table `bf_login_attempts`
--
ALTER TABLE `bf_login_attempts`
  MODIFY `id` bigint(20) NOT NULL AUTO_INCREMENT;
--
-- AUTO_INCREMENT for table `bf_manage_attributes`
--
ALTER TABLE `bf_manage_attributes`
  MODIFY `id` int(11) NOT NULL AUTO_INCREMENT, AUTO_INCREMENT=3;
--
-- AUTO_INCREMENT for table `bf_manage_attribute_value`
--
ALTER TABLE `bf_manage_attribute_value`
  MODIFY `id` int(11) NOT NULL AUTO_INCREMENT, AUTO_INCREMENT=4;
--
-- AUTO_INCREMENT for table `bf_manage_banner`
--
ALTER TABLE `bf_manage_banner`
  MODIFY `id` int(11) NOT NULL AUTO_INCREMENT, AUTO_INCREMENT=2;
--
-- AUTO_INCREMENT for table `bf_manage_category`
--
ALTER TABLE `bf_manage_category`
  MODIFY `id` int(11) NOT NULL AUTO_INCREMENT, AUTO_INCREMENT=2;
--
-- AUTO_INCREMENT for table `bf_manage_city`
--
ALTER TABLE `bf_manage_city`
  MODIFY `id` int(11) NOT NULL AUTO_INCREMENT, AUTO_INCREMENT=4;
--
-- AUTO_INCREMENT for table `bf_manage_country`
--
ALTER TABLE `bf_manage_country`
  MODIFY `id` int(11) NOT NULL AUTO_INCREMENT, AUTO_INCREMENT=3;
--
-- AUTO_INCREMENT for table `bf_manage_coupon`
--
ALTER TABLE `bf_manage_coupon`
  MODIFY `id` int(11) NOT NULL AUTO_INCREMENT, AUTO_INCREMENT=4;
--
-- AUTO_INCREMENT for table `bf_manage_page`
--
ALTER TABLE `bf_manage_page`
  MODIFY `id` int(11) NOT NULL AUTO_INCREMENT, AUTO_INCREMENT=2;
--
-- AUTO_INCREMENT for table `bf_manage_products`
--
ALTER TABLE `bf_manage_products`
  MODIFY `id` int(11) NOT NULL AUTO_INCREMENT, AUTO_INCREMENT=2;
--
-- AUTO_INCREMENT for table `bf_permissions`
--
ALTER TABLE `bf_permissions`
  MODIFY `permission_id` int(11) NOT NULL AUTO_INCREMENT, AUTO_INCREMENT=142;
--
-- AUTO_INCREMENT for table `bf_roles`
--
ALTER TABLE `bf_roles`
  MODIFY `role_id` int(11) NOT NULL AUTO_INCREMENT, AUTO_INCREMENT=7;
--
-- AUTO_INCREMENT for table `bf_states`
--
ALTER TABLE `bf_states`
  MODIFY `id` int(11) NOT NULL AUTO_INCREMENT, AUTO_INCREMENT=64;
--
-- AUTO_INCREMENT for table `bf_users`
--
ALTER TABLE `bf_users`
  MODIFY `id` bigint(20) UNSIGNED NOT NULL AUTO_INCREMENT, AUTO_INCREMENT=3;
--
-- AUTO_INCREMENT for table `bf_user_meta`
--
ALTER TABLE `bf_user_meta`
  MODIFY `meta_id` int(20) UNSIGNED NOT NULL AUTO_INCREMENT, AUTO_INCREMENT=3;
/*!40101 SET CHARACTER_SET_CLIENT=@OLD_CHARACTER_SET_CLIENT */;
/*!40101 SET CHARACTER_SET_RESULTS=@OLD_CHARACTER_SET_RESULTS */;
/*!40101 SET COLLATION_CONNECTION=@OLD_COLLATION_CONNECTION */;
